,price,rating,description,category,image_path
0,"۸۰۰,۰۰۰",۳.۹,کفش تمرین سارزی مدل A.s.c.s_T.o.s-A.b_PaBpa,Shoes,Images/image_1.jpg
1,"۳۹۵,۰۰۰",۳.۷,کفش راحتی مدل Classic Club C 85 کد 3030 رنگ مشکی,Shoes,Images/image_2.jpg
2,"۳۸۰,۰۰۰",۴.۲,کفش پیاده روی مردانه کد aza001,Shoes,Images/image_3.jpg
3,"۳۷۹,۹۰۰",۴,کفش پیاده روی مردانه مدل S,Shoes,Images/image_4.jpg
4,"۵۵۲,۰۰۰",۳.۸,کفش تمرین سارزی مدل A.D.D.S,Shoes,Images/image_5.jpg
5,"۳۴۱,۰۰۰",۳.۸,کفش تمرین سارزی مدل SAYT_m.e.s_m.e.s_V.S,Shoes,Images/image_6.jpg
6,"۶۳۰,۰۰۰",۴,کفش تمرین سارزی مدل A.D.D.S_silvan_m.e.s_g.h.r.m.z,Shoes,Images/image_7.jpg
7,"۱۶۵,۰۰۰",۴.۱,کفش راحتی مردانه کد 0440,Shoes,Images/image_8.jpg
8,"۶۴۰,۰۰۰",۳.۷,کفش تمرین سارزی مدل A.S.K,Shoes,Images/image_9.jpg
9,"۱۹۷,۰۰۰",۳.۷,کفش پیاده روی مردانه کد 0254,Shoes,Images/image_10.jpg
10,"۱۵۹,۰۰۰",۳.۹,کفش پیاده روی مدل کلاسیک MS5050,Shoes,Images/image_11.jpg
11,"۴۳۵,۰۰۰",۴,کفش پیاده روی مردانه کد 9767,Shoes,Images/image_12.jpg
12,"۶۴۰,۷۰۰",۳.۸,کفش پیاده روی مردانه مدل 19800,Shoes,Images/image_13.jpg
13,"۶۴۰,۰۰۰",۳.۹,کفش تمرین سارزی مدل A.S.K,Shoes,Images/image_14.jpg
14,"۳۴۷,۰۰۰",۴,کفش راحتی مردانه مدل اسپرت کد 228,Shoes,Images/image_15.jpg
15,"۲۱۹,۰۰۰",۴,کفش پیاده روی مردانه مدل سبک,Shoes,Images/image_16.jpg
16,"۳۵۹,۵۰۰",۴.۱,کفش پیاده روی مردانه مدل 01,Shoes,Images/image_17.jpg
17,"۸۱۰,۰۰۰",۳.۶,کفش مخصوص دویدن سارزی مدل A.D.S_C.l.a.d.i.o.m-M.e.s_S.e.f,Shoes,Images/image_18.jpg
18,"۲۳۳,۳۰۰",۴,کفش پیاده روی مردانه کد 15,Shoes,Images/image_19.jpg
19,"۳۲۰,۰۰۰",۴.۱,کفش پیاده روی مردانه مدل 2401,Shoes,Images/image_20.jpg
20,"۴۰۵,۳۰۰",۳.۹,کفش راحتی مدل Classic-1995 رنگ سفید,Shoes,Images/image_21.jpg
21,"۶۴۰,۰۰۰",۳.۵,کفش مخصوص دویدن سارزی مدل F.A.L.K.O.N_V.S,Shoes,Images/image_22.jpg
22,"۶۴۰,۰۰۰",۳.۷,کفش مخصوص دویدن مردانه سارزی مدل M.e.s_s.e.f,Shoes,Images/image_23.jpg
23,"۳۸۰,۳۹۰",۴.۱,کفش پیاده روی مدل کلاسیک MESKBAFT,Shoes,Images/image_24.jpg
24,"۶۳۰,۰۰۰",۳.۴,کفش مخصوص دویدن سارزی مدل F.A.L.K.O.N_t.o.s_t.o.s_V.S,Shoes,Images/image_25.jpg
25,"۵۲۱,۷۰۰",۳.۹,کفش راحتی کد 210,Shoes,Images/image_26.jpg
26,"۳۳۹,۰۰۰",۴,کفش مخصوص پیاده روی مردانه کد 3011,Shoes,Images/image_27.jpg
27,"۳۹۹,۰۰۰",۳.۶,کفش مخصوص دویدن سارزی مدل F.A.L.K.O.N_s.e.f_s.e.f_V.S,Shoes,Images/image_28.jpg
28,"۶۴۰,۰۰۰",۳.۹,کفش مخصوص دویدن سارزی مدل F.A.L.K.O.N_m.e.s_m.e.s_V.S,Shoes,Images/image_29.jpg
29,"۱۹۹,۰۰۰",۴.۱,کفش راحتی مردانه مدل Dipm100,Shoes,Images/image_30.jpg
30,"۳۹۰,۱۰۰",۴.۴,کفش پیاده روی مردانه مدل Perfect رنگ مشکی,Shoes,Images/image_31.jpg
31,"۳۱۳,۶۰۰",۴.۳,کفش پیاده روی مردانه مدل 1001,Shoes,Images/image_32.jpg
32,"۳۸۷,۰۰۰",۴.۴,کفش پیاده روی مردانه مدل Perfect رنگ طوسی,Shoes,Images/image_33.jpg
33,"۴۹۵,۰۰۰",۳.۹,کفش راحتی مردانه مدل Classic B Ultra Light رنگ مشکی,Shoes,Images/image_34.jpg
34,"۳۲۸,۸۰۰",۴.۱,کفش مخصوص پیاده روی مردانه کد MOD3,Shoes,Images/image_35.jpg
35,"۶۴۰,۰۰۰",۳.۹,کفش پیاده روی سارزی مدل A.s.c.s_M.e.s_S.e.f,Shoes,Images/image_36.jpg
36,"۲۹۰,۰۰۰",۳.۹,کفش مخصوص پیاده روی مردانه کد jor-me-se 001,Shoes,Images/image_37.jpg
37,"۳۵۸,۰۰۰",۴.۱,کفش پیاده روی مدل کلاسیک TOSIBAFT,Shoes,Images/image_38.jpg
38,"۳۵۴,۰۰۰",۳.۹,کفش مخصوص پیاده روی مردانه مدل 98024,Shoes,Images/image_39.jpg
39,"۲۹۹,۰۰۰",۴.۱,کفش پیاده روی سارزی مدل A.s.c.s_m.e.s_gh.r.m.z_23,Shoes,Images/image_40.jpg
40,"۳۹۵,۰۰۰",۳.۸,کفش مخصوص پیاده روی مردانه کد adi-sef001,Shoes,Images/image_41.jpg
41,"۵۲۰,۰۰۰",۳.۷,"کفش مخصوص دویدن سارزی مدل  N,B_j.o.r.a.b_A.b.i",Shoes,Images/image_42.jpg
42,"۶۳۰,۰۰۰",۳.۹,کفش مخصوص دویدن مردانه سارزی مدل adsr.a.m.aSf,Shoes,Images/image_43.jpg
43,"۲۸۰,۰۰۰",۴.۲,کفش پیاده روی مردانه مدل 349011621,Shoes,Images/image_44.jpg
44,"۳۸۹,۰۰۰",۳.۹,کفش  پیاده روی مردانه مدل SL10,Shoes,Images/image_45.jpg
45,"۱۹۸,۰۰۰",۳.۱,کفش راحتی مردانه کد 2236,Shoes,Images/image_46.jpg
46,"۶۲۰,۰۰۰",۳.۷,کفش پیاده روی سارزی مدل C.K.M.e.s,Shoes,Images/image_47.jpg
47,"۵۳۰,۰۰۰",۳.۶,کتانی راحتی مردانه سارزی مدل C.K_S.o.r.m.e_22,Shoes,Images/image_48.jpg
48,"۱۶۹,۰۰۰",۴.۲,کفش پیاده روی مدل کلاسیک TSM9080,Shoes,Images/image_49.jpg
49,"۷۲۹,۰۰۰",۴,کفش پیاده روی مردانه مدل 01,Shoes,Images/image_50.jpg
50,"۲۳۰,۰۰۰",۴.۳,کفش فوتسال مردانه طرح UP رنگ سفید,Shoes,Images/image_51.jpg
51,"۳۹۵,۰۰۰",۳.۹,کفش پیاده روی سارزی مدل M.e.s_011,Shoes,Images/image_52.jpg
52,"۷۶۸,۰۰۰",۳.۸,کفش پیاده روی سارزی مدل A.S.K_PbP,Shoes,Images/image_53.jpg
53,"۱۹۷,۰۰۰",۳.۷,کفش تمرین مردانه مدل GR-Alt,Shoes,Images/image_54.jpg
54,"۸۲۰,۰۰۰",۳.۷,کفش مخصوص دویدن مردانه سارزی مدل C.L.A.D.F.O.M_T.O.S_22,Shoes,Images/image_55.jpg
55,"۶۴۰,۰۰۰",۳.۹,کفش پیاده روی سارزی مدل c.s_A.b._M.e.s_23,Shoes,Images/image_56.jpg
56,"۶۴۰,۰۰۰",۴,کفش پیاده روی سارزی مدل s.c.s_t.o.s_N.r.n.g_23,Shoes,Images/image_57.jpg
57,"۳۹۰,۰۰۰",۳.۷,کفش مخصوص پیاده روی کد mu 700,Shoes,Images/image_58.jpg
58,"۵۸۸,۰۰۰",۴,کفش پیاده روی سارزی مدل A.S.K_f.o.s.f.o.r_t.o.s_PbP,Shoes,Images/image_59.jpg
59,"۸۱۰,۰۰۰",۳.۵,کفش پیاده روی مردانه سارزی مدل C.L.A.D.F.O.M._S.e.f_22,Shoes,Images/image_60.jpg
60,"۴۶۰,۰۰۰",۴.۱,کفش پیاده روی سارزی مدل A.S.K_N.r.n.j_t.o.s_PbP,Shoes,Images/image_61.jpg
61,"۷۶۸,۰۰۰",۳.۷,کفش مخصوص دویدن سارزی مدل F.a.l.k.o.n_S.o.r.m.e,Shoes,Images/image_62.jpg
62,"۷۲۰,۰۰۰",۳.۸,کتانی مخصوص دویدن مردانه سارزی مدل N.B_M.e.s_j.o.r.a.b,Shoes,Images/image_63.jpg
63,"۵۵۲,۰۰۰",۳.۸,کفش مخصوص دویدن سارزی مدل newrunnig_M.e.s_N.r.n.j,Shoes,Images/image_64.jpg
64,"۱۵۹,۰۰۰",۴,کفش پیاده روی کد TS8080,Shoes,Images/image_65.jpg
65,"۴۴۸,۰۰۰",۴,کفش پیاده روی مردانه مدل superpower کد 01,Shoes,Images/image_66.jpg
66,"۳۹۹,۹۰۰",۳.۷,کفش راحتی مدل Classic Cub AMG کد 1995 رنگ سفید,Shoes,Images/image_67.jpg
67,"۶۴۰,۰۰۰",۳.۹,کفش پیاده روی سارزی مدل s.i.l_a.s.c.s_n.r.nj,Shoes,Images/image_68.jpg
68,"۵۲۱,۰۰۰",۴.۱,کفش پیاده روی مردانه مدل WBL,Shoes,Images/image_69.jpg
69,"۷۵۶,۵۰۰",۴.۱,کفش راحتی مردانه کالای ورزشی پروین مدل ARAM,Shoes,Images/image_70.jpg
70,"۴۰۰,۰۰۰",۴,کفش پیاده روی سارزی مدل S_t.o,Shoes,Images/image_71.jpg
71,"۶۴۰,۰۰۰",۳.۸,کفش راحتی سارزی مدل  R.B.K_peiman_s.e.f,Shoes,Images/image_72.jpg
72,"۶۴۰,۰۰۰",۳.۳,کفش مخصوص دویدن سارزی مدل F.A.L.K.O.N_m.e.s_s.e.f_V.S,Shoes,Images/image_73.jpg
73,"۲۴۳,۰۰۰",۳.۵,کفش پیاده روی مردانه مدل SK-2022 رنگ طوسی,Shoes,Images/image_74.jpg
74,"۳۹۹,۹۰۰",۳.۹,کتانی پیاده‌روی مردانه سارزی مدل C.K_S.e.f,Shoes,Images/image_75.jpg
75,"۶۴۵,۰۰۰",۴.۱,کفش راحتی مدل Ad05-B,Shoes,Images/image_76.jpg
76,"۲۲۵,۰۰۰",۳.۷,کفش پیاده روی مردانه مدل آس اسپرت بندی کد SUPER-NK01,Shoes,Images/image_77.jpg
77,"۲۹۹,۰۰۰",۳.۸,کفش پیاده روی مردانه مدل Skch04,Shoes,Images/image_78.jpg
78,"۴۳۹,۰۰۰",۳.۹,کفش پیاده روی سارزی مدل A.S.K_Z.r.d_m.e.s_PbP,Shoes,Images/image_79.jpg
79,"۷۷۹,۰۰۰",۴.۲,کتانی پیاده‌روی مردانه مدل ورلدکاپ,Shoes,Images/image_80.jpg
80,"۵۹۹,۹۰۰",۳.۸,کفش پیاده روی مدل n_p.b.p_s.e.f,Shoes,Images/image_81.jpg
81,"۷۵۰,۰۰۰",۴.۲,کفش راحتی مردانه مدل 1522501,Shoes,Images/image_82.jpg
82,"۲۳۴,۰۰۰",۳.۷,کفش پیاده روی مردانه مدل SK-2022 رنگ مشکی,Shoes,Images/image_83.jpg
83,"۶۳۰,۰۰۰",۴,کفش پیاده روی سارزی مدل sil_r.a.m.a,Shoes,Images/image_84.jpg
84,"۲۹۹,۰۰۰",۳.۸,کفش مخصوص دویدن مردانه سارزی مدل Hira_T.o.s_22,Shoes,Images/image_85.jpg
85,"۵۹۰,۰۰۰",۳.۹,کفش مخصوص کوهنوردی مردانه مدل K.nb.003,Shoes,Images/image_86.jpg
86,"۱,۵۲۰,۰۰۰",۴,کفش مخصوص دویدن مدل 152,Shoes,Images/image_87.jpg
87,"۲۳۴,۰۰۰",۳.۵,کفش پیاده روی کد 2023 رنگ مشکی,Shoes,Images/image_88.jpg
88,"۳۷۶,۰۰۰",۳.۶,کفش پیاده روی مدل کلاسیک بزرگ کد 3030 رنگ مشکی,Shoes,Images/image_89.jpg
89,"۴۴۰,۰۰۰",۴,کفش پیاده روی مردانه مدل Classic B1 Ultra رنگ مشکی,Shoes,Images/image_90.jpg
90,"۴۱۸,۹۰۰",۴,کفش پیاده روی مدل WH3020,Shoes,Images/image_91.jpg
91,"۲۷۰,۰۰۰",۳.۷,کفش پیاده روی سارزی مدل S.M.e.s_022,Shoes,Images/image_92.jpg
92,"۴۲۳,۰۰۰",۴,کفش پیاده روی مردانه کد Bk243,Shoes,Images/image_93.jpg
93,"۴۹۸,۲۰۰",۴,کفش راحتی مدل Ad03-B,Shoes,Images/image_94.jpg
94,"۱,۰۸۹,۰۰۰",۴,کفش پیاده روی مردانه مدل X2,Shoes,Images/image_95.jpg
95,"۱۷۵,۰۰۰",۳.۶,کفش مخصوص پیاده روی مردانه مدل k.bs.158,Shoes,Images/image_96.jpg
96,"۴۶۳,۹۰۰",۳.۹,کفش پیاده روی مردانه مدل کلاسیک کد 1980 رنگ سفید,Shoes,Images/image_97.jpg
97,"۷۸۵,۴۰۰",۴,کفش پیاده روی سارزی مدل n_p.b.p,Shoes,Images/image_98.jpg
98,"۶۸۹,۰۰۰",۴.۱,کفش پیاده روی مردانه مدل Force-10,Shoes,Images/image_99.jpg
99,"۷۹۹,۰۰۰",۳.۹,کفش پیاده روی مردانه مدل 1985,Shoes,Images/image_100.jpg
100,"۲۲۵,۰۰۰",۳.۹,کفش پیاده روی مدل Sk005,Shoes,Images/image_101.jpg
101,"۲۳۳,۰۰۰",۳.۷,کتانی پیاده‌روی مردانه مدل skhroyal,Shoes,Images/image_102.jpg
102,"۵۹۹,۰۰۰",۴,کفش راحتی مدل 417a.d-m.t,Shoes,Images/image_103.jpg
103,"۴۳۹,۰۰۰",۳.۵,کفش پیاده روی مردانه مدل NOV-BK,Shoes,Images/image_104.jpg
104,"۴۹۹,۹۰۰",۳.۹,کفش پیاده روی سارزی مدل 23,Shoes,Images/image_105.jpg
105,"۱۹۸,۰۰۰",۳.۹,کفش پیاده روی مردانه مدل یزی,Shoes,Images/image_106.jpg
106,"۱۵۱,۰۰۰",۳.۹,کفش پیاده روی مردانه مدل اسپرت کد 133,Shoes,Images/image_107.jpg
107,"۲۱۰,۰۰۰",۳.۷,کفش پیاده روی مردانه مدل AD-LK,Shoes,Images/image_108.jpg
108,"۵۹۸,۴۰۰",۳.۹,کفش مخصوص کوهنوردی مردانه مدل K.nb.002,Shoes,Images/image_109.jpg
109,"۵۵۲,۰۰۰",۴,کفش پیاده روی سارزی مدل ad_sil_m.e.sh_n.r.n.j,Shoes,Images/image_110.jpg
110,"۷۵۶,۰۰۰",۴.۱,کفش مخصوص دویدن سارزی مدل n_p.b.p_t.o.s,Shoes,Images/image_111.jpg
111,"۱,۴۲۰,۰۰۰",۴,کفش پیاده روی مردانه مدل A68,Shoes,Images/image_112.jpg
112,"۲۳۳,۰۰۰",۳.۹,کفش پیاده روی مدل 349011602,Shoes,Images/image_113.jpg
113,"۵۶۰,۰۰۰",۳.۹,کفش پیاده روی مدل J.O.R.D.N_S.e.f,Shoes,Images/image_114.jpg
114,"۴۴۸,۰۰۰",۴,کفش پیاده روی مدل    w,Shoes,Images/image_115.jpg
115,"۱۸۰,۰۰۰",۳.۷,کفش پیاده روی مردانه کد 03 رنگ مشکی,Shoes,Images/image_116.jpg
116,"۵۹۰,۰۰۰",۳.۹,کفش طبیعت گردی مردانه مدل PLUS.JDN.ME رنگ مشکی,Shoes,Images/image_117.jpg
117,"۹۳۵,۳۰۰",۴,کفش راحتی مردانه مدل 4,Shoes,Images/image_118.jpg
118,"۶۴۰,۰۰۰",۳.۷,کفش پیاده روی مردانه مدل Superstar 2023 رنگ سفید,Shoes,Images/image_119.jpg
119,"۴۵۶,۰۰۰",۴.۱,کفش راحتی مردانه مدل SAYT-RLAE کد 2023 رنگ مشکی,Shoes,Images/image_120.jpg
120,"۴۳۸,۸۵۰",۴.۲,کفش  راحتی مردانه کد 402,Shoes,Images/image_121.jpg
121,"۶۴۰,۰۰۰",۳.۱,کفش تمرین سارزی مدل Alvand_m.e.s_s.e.f,Shoes,Images/image_122.jpg
122,"۴۹۹,۰۰۰",۳.۳,کفش مخصوص دویدن سارزی مدل F.a.l.k.n_T.o.s_7r.n.g,Shoes,Images/image_123.jpg
123,"۴۹۸,۸۰۰",۴.۲,کفش کوهنوردی مردانه مدل plus.mo.zi,Shoes,Images/image_124.jpg
124,"۵۱۲,۰۰۰",۴,کفش راحتی مردانه مدل vans old skool,Shoes,Images/image_125.jpg
125,"۲۳۰,۰۰۰",۳.۹,کفش فوتسال مردانه طرح UP رنگ مشکی,Shoes,Images/image_126.jpg
126,"۴۲۲,۰۰۰",۳.۹,کفش پیاده روی مردانه مدل اسپرت کد Bk-216,Shoes,Images/image_127.jpg
127,"۹۹۶,۰۰۰",۳.۶,کفش مخصوص پیاده روی مردانه کد 88,Shoes,Images/image_128.jpg
128,"۷۹۹,۰۰۰",۴.۵,کفش فوتسال مردانه مدل Blackhunt,Shoes,Images/image_129.jpg
129,"۵۹۸,۴۰۰",۳.۸,کفش مخصوص کوهنوردی مردانه مدل K.nb.004,Shoes,Images/image_130.jpg
130,"۵۹۸,۰۰۰",۴.۱,کفش پیاده روی مردانه مدل NS.C رنگ سرمه ای ,Shoes,Images/image_131.jpg
131,"۴۷۵,۰۰۰",۳.۸,کفش پیاده روی مدل CLASSIC-1985,Shoes,Images/image_132.jpg
132,"۱۸۹,۰۰۰",۳.۷,کفش پیاده روی مدل K-SUPER-K,Shoes,Images/image_133.jpg
133,"۱۹۸,۰۰۰",۴.۳,کفش راحتی مردانه مدل 251AR008 رنگ مشکی,Shoes,Images/image_134.jpg
134,"۱,۱۵۰,۰۰۰",۳.۹,کفش کوهنوردی مدل 12 رنگ طوسی,Shoes,Images/image_135.jpg
135,"۵۸۹,۰۰۰",۴.۲,کفش پیاده روی مردانه مدل ZX 8000 FRANCE 2002,Shoes,Images/image_136.jpg
136,"۵۹۸,۴۰۰",۴,کفش کوهنوردی مردانه مدل KHS کد 9230,Shoes,Images/image_137.jpg
137,"۷۰۸,۰۰۰",۳.۴,کفش پیاده روی مردانه مدل NS.C,Shoes,Images/image_138.jpg
138,"۱۸۰,۰۰۰",۳.۵,کفش پیاده روی مردانه مدل Si-p9-Bk,Shoes,Images/image_139.jpg
139,"۵۹۰,۰۰۰",۳.۸,کفش کوهنوردی مردانه مدل KHS کد 9229,Shoes,Images/image_140.jpg
140,"۳۶۵,۰۰۰",۳.۸,کفش پیاده روی مردانه مدل m258,Shoes,Images/image_141.jpg
141,"۸۱۰,۰۰۰",۴.۱,کفش طبیعت گردی سارزی مدل J.X_m.e.s,Shoes,Images/image_142.jpg
142,"۴۲۷,۰۰۰",۴.۲,کفش پیاده روی مردانه کد We-2431,Shoes,Images/image_143.jpg
143,"۵۶۵,۰۰۰",۳.۶,کفش پیاده روی سارزی مدل S.a.d.e_T.a.h.r.i_m.e.s,Shoes,Images/image_144.jpg
144,"۵۸۵,۰۰۰",۴.۴,کفش راحتی مدل Ad01-B,Shoes,Images/image_145.jpg
145,"۲۱۷,۰۰۰",۳.۲,کفش پیاده روی مردانه سارزی مدل R.A.K.i_t.o.s,Shoes,Images/image_146.jpg
146,"۵۹۹,۰۰۰",۴.۱,کفش پیاده روی مدل 417ad.sm,Shoes,Images/image_147.jpg
147,"۲۲۰,۰۰۰",۳.۸,کفش پیاده روی مردانه مدل جورابی,Shoes,Images/image_148.jpg
148,"۶۶۰,۵۰۰",۳.۹,کفش طبیعت گردی سارزی مدل J.X_T.a.z.r.i.g.h_M.e.s,Shoes,Images/image_149.jpg
149,"۱,۱۲۶,۰۲۰",۳.۵,کفش پیاده روی مردانه کد C-7301,Shoes,Images/image_150.jpg
150,"۶۳۰,۰۰۰",۳.۱,کفش مخصوص دویدن سارزی مدل F.a.l.k.n_S.e.f_7.r.n.g,Shoes,Images/image_151.jpg
151,"۷۵۰,۰۰۰",۳.۹,کفش طبیعت گردی سارزی مدل J.X_a.s.a.l.i,Shoes,Images/image_152.jpg
152,"۴۳۰,۸۰۰",۳.۹,کفش پیاده روی مدل Classic Royal 2023 رنگ سفید,Shoes,Images/image_153.jpg
153,"۷۰۶,۴۰۰",۳.۸,کفش طبیعت گردی سارزی مدل H.A.M.T.O_M.e.s,Shoes,Images/image_154.jpg
154,"۱۹۹,۰۰۰",۳.۵,کفش پیاده روی مدل S-N,Shoes,Images/image_155.jpg
155,"۵۶۲,۱۲۰",۳.۸,کفش طبیعت گردی سارزی مدل J.X_T.a.z.r.i.g.h_T.o.s,Shoes,Images/image_156.jpg
156,"۴۶۵,۴۱۰",۴,کفش راحتی مدل Classic Royal 2023 رنگ سفید,Shoes,Images/image_157.jpg
157,"۷۰۲,۰۰۰",۴.۸,کفش راحتی مردانه مدل اسپرت 002,Shoes,Images/image_158.jpg
158,"۳۷۵,۰۰۰",۳.۳,کفش راحتی مردانه مدل Classic Fast Run 2024 رنگ مشکی,Shoes,Images/image_159.jpg
159,"۶۳۹,۲۰۰",۳.۶,کفش پیاده روی مردانه مدل 23-208606,Shoes,Images/image_160.jpg
160,"۷۵۲,۴۰۰",۴.۲,کفش پیاده روی مردانه مدل  ultra mw کد g r y-s,Shoes,Images/image_161.jpg
161,"۵۹۵,۰۰۰",۳.۴,کفش پیاده روی مردانه مدل 03,Shoes,Images/image_162.jpg
162,"۷۰۰,۰۰۰",۳.۷,کفش پیاده روی سارزی مدل sil_r.a.m.a_t.o.s,Shoes,Images/image_163.jpg
163,"۷۴۶,۰۰۰",۳.۹,کفش پیاده روی مردانه مدل ultra mw کد gry-wh-g r n,Shoes,Images/image_164.jpg
164,"۱,۱۴۹,۰۰۰",۴.۶,کفش راحتی مردانه مدل WERQ.AA 73 کد 509,Shoes,Images/image_165.jpg
165,"۴۵۵,۷۰۰",۴.۲,کفش پیاده روی مردانه مدل اسپرت,Shoes,Images/image_166.jpg
166,"۳۸۰,۰۰۰",۳.۶,کفش راحتی مردانه مدل ایرفورس 990 رنگ مشکی,Shoes,Images/image_167.jpg
167,"۸۹۹,۹۰۰",۴.۱,کفش فوتسال مردانه مدل Predator MS,Shoes,Images/image_168.jpg
168,"۶۴۵,۰۰۰",۴.۴,کفش راحتی مدل Ad04-B,Shoes,Images/image_169.jpg
169,"۵۷۹,۰۰۰",۴.۲,کفش پیاده روی مدل Air Max 270 WHZ رنگ سفید,Shoes,Images/image_170.jpg
170,"۶۹۸,۰۰۰",۳.۵,کفش پیاده روی مدل Part,Shoes,Images/image_171.jpg
171,"۱,۱۵۰,۰۰۰",۴,کفش کوهنوردی مردانه مدل 12 کد 2-4969,Shoes,Images/image_172.jpg
172,"۱۹۷,۰۰۰",۳.۸,کفش پیاده روی مدل یزی رنگ طوسی,Shoes,Images/image_173.jpg
173,"۶۰۱,۰۱۰",۳.۹,کفش طبیعت گردی سارزی مدل J.X_kh.a.k.s.t.r,Shoes,Images/image_174.jpg
174,"۱۶۲,۰۰۰",۳.۵,کفش پیاده روی مدل کلاسیک TRS6060,Shoes,Images/image_175.jpg
175,"۵۵۵,۱۰۰",۳.۹,کفش طبیعت گردی سارزی مدل J.X_T.a.z.r.i.g.h_S.B.Z,Shoes,Images/image_176.jpg
176,"۳۹۹,۰۰۰",۴.۱,کفش پیاده روی مدل 417ad.ms,Shoes,Images/image_177.jpg
177,"۶۳۹,۰۰۰",۳.۷,کفش طبیعت گردی مردانه سارزی مدل H.M.T.O_S.B.Z,Shoes,Images/image_178.jpg
178,"۶۴۰,۰۰۰",۳.۹,کفش راحتی سارزی مدل SAYT_t.o.s_V.S,Shoes,Images/image_179.jpg
179,"۲۵۰,۰۰۰",۳.۸,کفش پیاده روی مدل Ag کد 001,Shoes,Images/image_180.jpg
180,"۲۹۴,۵۰۰",۳.۴,کفش مخصوص دویدن مردانه مدل SK_COLLEG_T.O.S.I_2022,Shoes,Images/image_181.jpg
181,"۷۴۸,۰۰۰",۴.۱,کفش پیاده روی مردانه مدل ZX 8000 AQUA 2024,Shoes,Images/image_182.jpg
182,"۶۳۰,۰۰۰",۳.۹,کفش طبیعت گردی سارزی مدل J.X_T.a.z.ri.g.h_K.e.r..m,Shoes,Images/image_183.jpg
183,"۶۱۶,۶۴۰",۳.۸,کفش طبیعت گردی سارزی مدل H.M.T.O_a.l.i,Shoes,Images/image_184.jpg
184,"۳۶۰,۰۰۰",۳.۸,کفش مخصوص پیاده روی مردانه مدل Dharma,Shoes,Images/image_185.jpg
185,"۳۳۰,۰۰۰",۴,کفش راحتی مردانه مدل ایرفورس وان رنگ سفید,Shoes,Images/image_186.jpg
186,"۱۵۹,۰۰۰",۳.۷,کفش پیاده روی مدل MM9090,Shoes,Images/image_187.jpg
187,"۶۰۰,۰۰۰",۳.۹,کفش طبیعت گردی سارزی مدل J.X_S.B.Z,Shoes,Images/image_188.jpg
188,"۱,۲۹۰,۰۰۰",۴,کفش پیاده روی مردانه مدل A74,Shoes,Images/image_189.jpg
189,"۳۹۹,۹۰۰",۳.۴,کفش تمرین سارزی مدل Alvand-s.e.f_m.e.s,Shoes,Images/image_190.jpg
190,"۶۴۰,۰۰۰",۳.۸,کفش پیاده روی سارزی مدل A.S.K_g.h.z_T.o.s_PbP,Shoes,Images/image_191.jpg
191,"۱,۴۲۰,۰۰۰",۴.۳,کفش پیاده روی مردانه مدل A67,Shoes,Images/image_192.jpg
192,"۳۶۸,۰۰۰",۳.۷,کفش مخصوص پیاده روی مردانه مدل Dharma BB,Shoes,Images/image_193.jpg
193,"۲۲۹,۰۰۰",۳.۷,کفش تمرین مردانه راکی مدل X1-B,Shoes,Images/image_194.jpg
194,"۱۶۷,۵۰۰",۲.۷,کفش پیاده روی مردانه مدل 2236,Shoes,Images/image_195.jpg
195,"۷۵۶,۰۰۰",۳.۹,کفش طبیعت گردی سارزی مدل H.A.M.T.O_N.o.gh.r.e,Shoes,Images/image_196.jpg
196,"۳۵۵,۰۰۰",۴.۳,کفش پیاده روی مدل کلاسیک SOR,Shoes,Images/image_197.jpg
197,"۱۸۴,۰۰۰",۳.۷,کفش پیاده روی مدل 251011 رنگ مشکی,Shoes,Images/image_198.jpg
198,"۶۴۰,۰۰۰",۴,کفش پیاده روی سارزی مدل e.k.o.menz-tos,Shoes,Images/image_199.jpg
199,"۱۴۵,۰۰۰",۳.۳,کفش پیاده روی مردانه مدل RA107,Shoes,Images/image_200.jpg
200,"۱۳۵,۵۹۰",۳.۶,کفش فوتسال مردانه کد 9217-2,Shoes,Images/image_201.jpg
201,"۶۳۹,۰۰۰",۳.۸,کتانی مخصوص دویدن مردانه سارزی مدل Jahan,Shoes,Images/image_202.jpg
202,"۴۱۸,۵۰۰",۳.۲,کفش پیاده روی مردانه مدل  M04,Shoes,Images/image_203.jpg
203,"۳۵۷,۰۰۰",۴.۱,کفش مخصوص دویدن مردانه مدل اسکای کد 4105,Shoes,Images/image_204.jpg
204,"۵۸۹,۰۰۰",۴,کفش پیاده روی مردانه مدل Force6,Shoes,Images/image_205.jpg
205,"۶۹۹,۰۰۰",۳.۸,کفش پیاده روی مردانه مدل ZX 8000 SUPERSTAR 2023,Shoes,Images/image_206.jpg
206,"۵۹۹,۰۰۰",۳.۹,کفش پیاده روی مردانه مدل ZX 8000 Napoli 2028,Shoes,Images/image_207.jpg
207,"۳۹۹,۰۰۰",۳.۸,کفش طبیعت گردی سارزی مدل U.M.T.O_S.a.g.h_t.o.s,Shoes,Images/image_208.jpg
208,"۶۳۰,۰۰۰",۳.۳,کفش پیاده روی سارزی مدل sil_r.a.m.a_nr.n.j,Shoes,Images/image_209.jpg
209,"۴۸۵,۰۰۰",۳.۶,کفش فوتسال مردانه مدل SOR6060,Shoes,Images/image_210.jpg
210,"۱,۶۹۴,۰۰۰",۳.۸,کفش پیاده روی مدل 201,Shoes,Images/image_211.jpg
211,"۳۹۴,۸۰۰",۳.۷,کفش راحتی زنانه مدل Classic Club C 95 کد 1890 رنگ سفید,Shoes,Images/image_212.jpg
212,"۷۹۷,۰۰۰",۴.۱,کفش فوتسال مردانه مدل NSSZ2000,Shoes,Images/image_213.jpg
213,"۳۹۶,۰۰۰",۳.۷,کفش پیاده روی سارزی مدل A.s.c.s_M.e.s,Shoes,Images/image_214.jpg
214,"۵۹۸,۴۰۰",۳.۹,کفش کوهنوردی مردانه مدل KHS کد 9231,Shoes,Images/image_215.jpg
215,"۶۳۵,۰۰۰",۳.۸,کفش پیاده روی مردانه مدل   kayano 20 کد sbk,Shoes,Images/image_216.jpg
216,"۲۳۳,۳۰۰",۳.۵,کفش راحتی مردانه مدل s36  کد 349011602,Shoes,Images/image_217.jpg
217,"۵۹۹,۰۰۰",۳.۹,کفش فوتسال مردانه مدل MAX1,Shoes,Images/image_218.jpg
218,"۹۴۳,۶۰۰",۳.۸,کفش مخصوص دویدن مدل 4 Retro,Shoes,Images/image_219.jpg
219,"۲۲۰,۰۰۰",۴.۱,کفش پیاده روی مدل Ag کد 003,Shoes,Images/image_220.jpg
220,"۳۴۰,۰۰۰",۴.۱,کیف رودوشی زنانه مدل 436,Bag,Images/image_221.jpg
221,"۱۹۹,۹۹۰",۳.۹,کیف رودوشی زنانه مدل S193,Bag,Images/image_222.jpg
222,"۴۵۵,۰۰۰",۴.۶,کیف رودوشی زنانه مدل 441,Bag,Images/image_223.jpg
223,"۲۹۰,۰۰۰",۴,کیف رودوشی زنانه مدل 2669-A,Bag,Images/image_224.jpg
224,"۴۲۵,۰۰۰",۴.۳,کیف رودوشی زنانه مدل 872,Bag,Images/image_225.jpg
225,"۱۳۹,۰۰۰",۳.۴,کیف رودوشی زنانه مدل 2691,Bag,Images/image_226.jpg
226,"۷۰,۰۰۰",۳.۹,کیف رودوشی زنانه مدل 2795,Bag,Images/image_227.jpg
227,"۱۰۹,۰۰۰",۳.۸,کیف رودوشی زنانه مدل 849,Bag,Images/image_228.jpg
228,"۳۲۰,۰۰۰",۴.۳,کیف رودوشی زنانه مدل 2803,Bag,Images/image_229.jpg
229,"۳۹۸,۰۰۰",۴.۴,کیف رودوشی زنانه مدل 318,Bag,Images/image_230.jpg
230,"۲۴۰,۰۰۰",۴,کیف رودوشی زنانه مدل 1103,Bag,Images/image_231.jpg
231,"۱۸۵,۰۰۰",۴.۱,کیف رودوشی زنانه مدل 1118,Bag,Images/image_232.jpg
232,"۱۱۹,۰۰۰",۴,کیف رودوشی زنانه مدل SH1113,Bag,Images/image_233.jpg
233,"۴۱۲,۰۰۰",۳.۹,کیف رودوشی زنانه مدل 2973,Bag,Images/image_234.jpg
234,"۲۷۹,۰۰۰",۴.۱,کیف رودوشی زنانه مدل 2695,Bag,Images/image_235.jpg
235,"۵۱,۳۰۰",۴.۲,کیف رودوشی زنانه مدل 002,Bag,Images/image_236.jpg
236,"۱۴۳,۵۰۰",۴.۱,کیف رودوشی زنانه مدل 2515,Bag,Images/image_237.jpg
237,"۳۴۰,۰۰۰",۳.۹,کیف رودوشی زنانه مدل D4,Bag,Images/image_238.jpg
238,"۲۱۵,۰۰۰",۳.۶,کیف رودوشی زنانه مدل 1937,Bag,Images/image_239.jpg
239,"۱۸۰,۰۰۰",۴.۱,کیف رودوشی زنانه مدل 2911,Bag,Images/image_240.jpg
240,"۳۶۰,۰۰۰",۴.۲,کیف رودوشی زنانه مدل 2888,Bag,Images/image_241.jpg
241,"۱۴۵,۵۰۰",۳.۸,کیف رودوشی زنانه کد 920,Bag,Images/image_242.jpg
242,"۱۵۹,۰۰۰",۳.۸,کیف دوشی زنانه کد 14042,Bag,Images/image_243.jpg
243,"۴۹۳,۰۰۰",۴.۲,کیف رودوشی زنانه مدل 3095,Bag,Images/image_244.jpg
244,"۳۰۶,۰۰۰",۴.۲,کیف رودوشی زنانه مدل 3053,Bag,Images/image_245.jpg
245,"۲۲۴,۰۰۰",۴.۴,کیف رودوشی زنانه مدل 4013,Bag,Images/image_246.jpg
246,"۱۸۹,۰۰۰",۴.۵,کیف رودوشی زنانه مدل a17,Bag,Images/image_247.jpg
247,"۱۴۸,۰۰۰",۴.۱,کیف دوشی زنانه مدل 1000,Bag,Images/image_248.jpg
248,"۴۵۰,۰۰۰",۴.۱,کیف دوشی زنانه مدل 239,Bag,Images/image_249.jpg
249,"۲۹۴,۰۰۰",۳.۷,کیف رودوشی زنانه مدل C0776,Bag,Images/image_250.jpg
250,"۷۹,۰۰۰",۳.۸,کیف رودوشی زنانه مدل 2790,Bag,Images/image_251.jpg
251,"۸۵,۰۰۰",۳.۸,کیف دوشی زنانه کد 844,Bag,Images/image_252.jpg
252,"۳۴۴,۰۰۰",۳.۹,کیف دوشی زنانه کد‌‌‌‌‌‌‌‌‌‌ 250,Bag,Images/image_253.jpg
253,"۱۶۸,۰۰۰",۳.۹,کیف دوشی زنانه کد 2687,Bag,Images/image_254.jpg
254,"۱۸۹,۰۰۰",۳.۹,کیف دوشی زنانه کد 32355,Bag,Images/image_255.jpg
255,"۱۷۵,۰۰۰",۴,کیف دوشی زنانه کد 2687,Bag,Images/image_256.jpg
256,"۳۹۸,۰۰۰",۴,کیف رودوشی زنانه مدل 2959,Bag,Images/image_257.jpg
257,"۸۰,۰۰۰",۴,کیف دوشی زنانه مدل 2024,Bag,Images/image_258.jpg
258,"۲۱۵,۰۰۰",۴.۱,کیف رودوشی زنانه مدل MH 2526,Bag,Images/image_259.jpg
259,"۳۶۴,۰۰۰",۳.۸,کیف رودوشی زنانه مدل 555,Bag,Images/image_260.jpg
260,"۱۷۰,۰۰۰",۴.۱,کیف رودوشی زنانه مدل 71226,Bag,Images/image_261.jpg
261,"۸۵,۰۰۰",۴.۳,کیف رودوشی زنانه مدل 889,Bag,Images/image_262.jpg
262,"۳۸۵,۰۰۰",۳.۹,کیف دوشی زنانه مدل 280s,Bag,Images/image_263.jpg
263,"۲۳۳,۷۵۰",۴.۲,کیف دوشی زنانه مدل C01005,Bag,Images/image_264.jpg
264,"۱۰۰,۰۰۰",۴,کیف دوشی زنانه مدل 717,Bag,Images/image_265.jpg
265,"۳۸۰,۰۰۰",۴.۲,کیف رودوشی زنانه مدل 2779,Bag,Images/image_266.jpg
266,"۴۷۵,۰۰۰",۴.۲,کیف رودوشی زنانه مدل 250s,Bag,Images/image_267.jpg
267,"۱۳۰,۰۰۰",۴.۳,کیف رودوشی مدل NU-GHE3,Bag,Images/image_268.jpg
268,"۴۲۵,۶۰۰",۳.۹,کیف رودوشی زنانه مدل 3024,Bag,Images/image_269.jpg
269,"۳۵۰,۰۰۰",۴,کیف دوشی زنانه مدل AM-1551,Bag,Images/image_270.jpg
270,"۲۴۶,۴۰۰",۴.۳,کیف رودوشی زنانه مدل 2872,Bag,Images/image_271.jpg
271,"۱۷۸,۰۰۰",۴,کیف رودوشی مردانه مدل 2445,Bag,Images/image_272.jpg
272,"۲۰۶,۷۰۰",۳.۶,کیف رودوشی زنانه مدل 2805,Bag,Images/image_273.jpg
273,"۳۸۸,۰۰۰",۴.۱,کیف رودوشی زنانه مدل 290N,Bag,Images/image_274.jpg
274,"۳۱۵,۰۰۰",۴.۱,کیف دوشی زنانه مدل 2307,Bag,Images/image_275.jpg
275,"۵۲۸,۸۰۰",۴.۶,کیف رودوشی زنانه مدل 4025,Bag,Images/image_276.jpg
276,"۳۹۸,۰۰۰",۴.۵,کیف رودوشی زنانه مدل 3081,Bag,Images/image_277.jpg
277,"۴۸۰,۰۰۰",۴.۱,کیف رودوشی زنانه مدل 001,Bag,Images/image_278.jpg
278,"۳۸۱,۰۰۰",۴.۳,کیف رودوشی زنانه مدل 3063,Bag,Images/image_279.jpg
279,"۳۹۸,۰۰۰",۳.۷,کیف رودوشی زنانه مدل 3070,Bag,Images/image_280.jpg
280,"۴۶۵,۰۰۰",۴.۶,کیف رودوشی زنانه مدل 658,Bag,Images/image_281.jpg
281,"۱۳۲,۰۰۰",۴.۱,کیف رودوشی مدل NU-00683,Bag,Images/image_282.jpg
282,"۲۰۰,۰۰۰",۳.۹,کیف رودوشی زنانه مدل 2947,Bag,Images/image_283.jpg
283,"۲۵۹,۰۰۰",۴.۳,کیف زنانه مدل 278 مجموعه 3 عددی,Bag,Images/image_284.jpg
284,"۱۶۷,۰۰۰",۴.۳,کیف رودوشی مدل BR-160,Bag,Images/image_285.jpg
285,"۴۴۸,۰۰۰",۳.۸,کیف رودوشی زنانه مدل 3023,Bag,Images/image_286.jpg
286,"۲۳۲,۰۰۰",۳.۹,کیف رودوشی زنانه مدل 2800,Bag,Images/image_287.jpg
287,"۲۷۷,۰۰۰",۴.۱,کیف رودوشی مدل nu-00653,Bag,Images/image_288.jpg
288,"۲۹۵,۰۰۰",۴.۱,کیف دستی زنانه مدل D-20,Bag,Images/image_289.jpg
289,"۱۴۲,۰۰۰",۴.۱,کیف رودوشی مدل S-20,Bag,Images/image_290.jpg
290,"۲۲۳,۵۰۰",۴,کیف رودوشی زنانه کد 033 مجموعه 3 عددی,Bag,Images/image_291.jpg
291,"۲۴۹,۰۰۰",۴.۵,کیف رودوشی مدل DL-103,Bag,Images/image_292.jpg
292,"۱۴۸,۰۰۰",۴.۲,کیف رودوشی زنانه مدل NU-00897,Bag,Images/image_293.jpg
293,"۲۰۸,۰۰۰",۴.۵,کیف دوشی زنانه مدل 0119,Bag,Images/image_294.jpg
294,"۲۶۸,۰۰۰",۳.۸,کیف رودوشی زنانه مدل 2938,Bag,Images/image_295.jpg
295,"۹۵,۰۰۰",۳.۷,کیف رودوشی زنانه مدل 2814,Bag,Images/image_296.jpg
296,"۱۹۹,۰۰۰",۴.۴,کیف رودوشی مدل BR-41,Bag,Images/image_297.jpg
297,"۱۶۵,۰۰۰",۳.۹,کیف رودوشی مدل NU00-37,Bag,Images/image_298.jpg
298,"۱۳۵,۰۰۰",۴.۲,کیف رودوشی مدل nu-22,Bag,Images/image_299.jpg
299,"۲۴۸,۰۰۰",۳.۸,کیف زنانه کد 200 مجموعه 3 عددی	,Bag,Images/image_300.jpg
300,"۳۳۰,۰۰۰",۴.۳,کیف رودوشی زنانه مدل کلاسیک,Bag,Images/image_301.jpg
301,"۳۵۹,۰۰۰",۴.۱,کیف دوشی زنانه مدل KS-0075,Bag,Images/image_302.jpg
302,"۳۵۹,۰۰۰",۴.۱,کیف رودوشی زنانه مدل KS-00104,Bag,Images/image_303.jpg
303,"۲۴۰,۰۰۰",۳.۸,کیف رودوشی مدل M67,Bag,Images/image_304.jpg
304,"۲۵۹,۰۰۰",۳.۸,کیف رودوشی زنانه مدل NM01,Bag,Images/image_305.jpg
305,"۱۶۷,۰۰۰",۴.۵,کیف رودوشی مردانه مدل a45,Bag,Images/image_306.jpg
306,"۳۹۸,۰۰۰",۴,کیف رودوشی زنانه مدل 2908,Bag,Images/image_307.jpg
307,"۱۳۵,۰۰۰",۴.۲,کیف رودوشی مدل GF20,Bag,Images/image_308.jpg
308,"۱۲۴,۷۰۰",۳.۷,کیف رودوشی مردانه مدل 2453-L,Bag,Images/image_309.jpg
309,"۲۹۵,۰۰۰",۳.۷,کیف رودوشی مدل NU-00630,Bag,Images/image_310.jpg
310,"۱۷۲,۰۰۰",۴,کیف رودوشی زنانه مدل NM-135,Bag,Images/image_311.jpg
311,"۱۴۸,۵۰۰",۴.۱,کیف رودوشی مردانه مدل R-40,Bag,Images/image_312.jpg
312,"۱۲۵,۰۰۰",۳.۹,کیف دستی زنانه مدل 016 کد 1558,Bag,Images/image_313.jpg
313,"۱۴۴,۰۰۰",۳.۸,کیف دوشی زنانه مدل KS-00164,Bag,Images/image_314.jpg
314,"۳۲۵,۰۰۰",۳.۶,کیف رودوشی زنانه مدل 2948,Bag,Images/image_315.jpg
315,"۱۶۰,۰۰۰",۴,کیف دوشی زنانه مدل 1123,Bag,Images/image_316.jpg
316,"۲۱۱,۰۰۰",۳.۵,کیف رودوشی زنانه مدل 2917,Bag,Images/image_317.jpg
317,"۳۹۵,۰۰۰",۳.۸,کیف رودوشی زنانه مدل 3794N,Bag,Images/image_318.jpg
318,"۲۹۶,۰۰۰",۴.۴,کیف رودوشی مردانه مدل KS-0085,Bag,Images/image_319.jpg
319,"۳۵۸,۵۰۰",۴.۱,کیف رودوشی مردانه مدل M410,Bag,Images/image_320.jpg
320,"۲۵۰,۰۰۰",۴.۶,کیف رودوشی مدل 125487,Bag,Images/image_321.jpg
321,"۱۹۹,۰۰۰",۴.۳,کیف رودوشی مدل DL-4,Bag,Images/image_322.jpg
322,"۲۴۰,۰۰۰",۳.۷,کیف رودوشی مدل 069,Bag,Images/image_323.jpg
323,"۴۱۰,۰۰۰",۴.۲,کیف رودوشی مردانه مدل SK-369,Bag,Images/image_324.jpg
324,"۱۳۵,۰۰۰",۴.۱,کیف رودوشی مردانه مدل BR-397,Bag,Images/image_325.jpg
325,"۱۸۵,۰۰۰",۴.۲,کیف رودوشی زنانه مدل 2875,Bag,Images/image_326.jpg
326,"۴۶۵,۰۰۰",۴.۶,کیف رودوشی زنانه مدل 557,Bag,Images/image_327.jpg
327,"۲۷۳,۶۰۰",۴.۱,کیف رودوشی زنانه مدل 3086,Bag,Images/image_328.jpg
328,"۱۴۵,۰۰۰",۴.۱,کیف رودوشی مدل NU-R41,Bag,Images/image_329.jpg
329,"۲۹۹,۰۰۰",۴,کیف دوشی زنانه مدل  KS-00114,Bag,Images/image_330.jpg
330,"۱۷۰,۰۰۰",۴.۲,کیف رودوشی مدل PR-03,Bag,Images/image_331.jpg
331,"۳۵۴,۰۰۰",۴.۲,کیف دستی زنانه مدل 3310,Bag,Images/image_332.jpg
332,"۱۴۰,۰۰۰",۴,کیف رودوشی مردانه مدل 2453-L,Bag,Images/image_333.jpg
333,"۱۶۰,۰۰۰",۴.۳,کیف دوشی زنانه مدل NU-00898,Bag,Images/image_334.jpg
334,"۲۲۰,۰۰۰",۴.۲,کیف رودوشی مردانه مدل 098765,Bag,Images/image_335.jpg
335,"۲,۹۹۸,۰۰۰",۴,کیف رودوشی کد SN-00001,Bag,Images/image_336.jpg
336,"۱۶۹,۰۰۰",۴.۱,کیف رودوشی مدل a41,Bag,Images/image_337.jpg
337,"۲۲۹,۰۰۰",۴,کیف رودوشی زنانه مدل KS-00165 مجموعه 3 عددی,Bag,Images/image_338.jpg
338,"۱۲۱,۸۵۰",۳.۹,کیف رودوشی مردانه مدل YT243,Bag,Images/image_339.jpg
339,"۲۶۰,۰۰۰",۳.۹,کیف دوشی زنانه مدل N29,Bag,Images/image_340.jpg
340,"۱۶۹,۴۱۰",۳.۵,کیف رودوشی مردانه مدل KS-0073,Bag,Images/image_341.jpg
341,"۲۲۲,۰۰۰",۳.۷,کیف رودوشی مدل NM-578,Bag,Images/image_342.jpg
342,"۳۹۹,۰۰۰",۳.۹,کیف دستی زنانه مدل 3680Rock,Bag,Images/image_343.jpg
343,"۱۴۱,۰۰۰",۴.۲,کیف رودوشی مردانه مدل NU-0057,Bag,Images/image_344.jpg
344,"۱۴۵,۰۰۰",۳.۸,کیف رودوشی مدل NU-00457,Bag,Images/image_345.jpg
345,"۱۹۵,۰۰۰",۴,کیف رودوشی مدل P-79,Bag,Images/image_346.jpg
346,"۲۲۹,۰۰۰",۴.۳,کیف رودوشی مردانه مدل BR-283,Bag,Images/image_347.jpg
347,"۲۹۴,۰۰۰",۴.۱,کیف دوشی زنانه مدل KS-00148,Bag,Images/image_348.jpg
348,"۲۶۷,۰۰۰",۴,کیف دوشی زنانه مدل DN,Bag,Images/image_349.jpg
349,"۱۵۹,۰۰۰",۴.۳,کیف رودوشی مدل M-11,Bag,Images/image_350.jpg
350,"۱۴۸,۰۰۰",۴.۱,کیف دوشی زنانه مدل NU-00896,Bag,Images/image_351.jpg
351,"۱۶۵,۰۰۰",۴.۲,کیف رودوشی مردانه مدل SK-304,Bag,Images/image_352.jpg
352,"۲۹۹,۰۰۰",۳.۸,کیف دستی زنانه مدل KS-00118,Bag,Images/image_353.jpg
353,"۱۴۹,۰۰۰",۴.۳,کیف رودوشی مدل NF00033,Bag,Images/image_354.jpg
354,"۲۰۳,۰۰۰",۴.۱,کیف رودوشی مردانه مدل NU-0122,Bag,Images/image_355.jpg
355,"۱۶۸,۰۰۰",۴.۲,کیف رودوشی مردانه مدل BR-318,Bag,Images/image_356.jpg
356,"۱۸۵,۰۰۰",۴.۱,کیف مجلسی زنانه مدل 10217,Bag,Images/image_357.jpg
357,"۱۲۵,۰۰۰",۴,کیف رودوشی مردانه مدل 2365,Bag,Images/image_358.jpg
358,"۳۲۰,۰۰۰",۳.۹,کیف رودوشی مدل D-11,Bag,Images/image_359.jpg
359,"۳۳۹,۰۰۰",۳.۹,کیف دستی زنانه مدل KS-00105,Bag,Images/image_360.jpg
360,"۶۸,۰۰۰",۳.۸,کیف دستی زنانه مدل 5005 n,Bag,Images/image_361.jpg
361,"۲۴۵,۰۰۰",۴.۱,کیف رودوشی مدل Nu-00736,Bag,Images/image_362.jpg
362,"۱۴۳,۰۰۰",۳.۹,کیف رودوشی مدل nu-00658,Bag,Images/image_363.jpg
363,"۱۶۹,۰۰۰",۴.۳,کیف رودوشی مردانه مدل HE2123,Bag,Images/image_364.jpg
364,"۸۵۹,۷۰۰",۴.۱,کیف دوشی زنانه مدل 3316,Bag,Images/image_365.jpg
365,"۱۰۹,۰۰۰",۳.۸,کیف کمری زنانه مدل 6200,Bag,Images/image_366.jpg
366,"۱۸۴,۵۰۰",۴.۳,کیف رودوشی مردانه مدل BR-255,Bag,Images/image_367.jpg
367,"۲۲۰,۰۰۰",۴,کیف رودوشی مردانه مدل BR-301,Bag,Images/image_368.jpg
368,"۲۳۵,۰۰۰",۳.۹,کیف دستی زنانه مدل KS-00128,Bag,Images/image_369.jpg
369,"۲۹۲,۰۰۰",۳.۱,کیف رودوشی زنانه مدل 2737,Bag,Images/image_370.jpg
370,"۲۷۷,۰۰۰",۴.۲,کیف دوشی زنانه مدل KS-00152,Bag,Images/image_371.jpg
371,"۲۲۵,۰۰۰",۳.۶,کیف رودوشی مردانه مدل E173,Bag,Images/image_372.jpg
372,"۱۹۹,۰۰۰",۴.۲,کیف دستی مردانه مدل BR-374,Bag,Images/image_373.jpg
373,"۱۸۵,۰۰۰",۴.۱,کیف رودوشی مدل NU-00636,Bag,Images/image_374.jpg
374,"۱۲۵,۰۰۰",۴.۲,کیف رودوشی مدل IRI_01,Bag,Images/image_375.jpg
375,"۲۱۰,۰۰۰",۳.۹,کیف رو دوشی مدل M_21,Bag,Images/image_376.jpg
376,"۲۴۹,۰۰۰",۴.۳,کیف زنانه مدل A52 مجموعه 3 عددی,Bag,Images/image_377.jpg
377,"۱۴۲,۰۰۰",۴,کیف رودوشی مدل Z- 02,Bag,Images/image_378.jpg
378,"۱۹۶,۰۰۰",۳.۸,کیف رودوشی مدل BR-31,Bag,Images/image_379.jpg
379,"۱۶۸,۰۰۰",۴,کیف رودوشی مردانه مدل BR-302,Bag,Images/image_380.jpg
380,"۱۶۹,۰۰۰",۴.۱,کیف دوشی زنانه مدل 335,Bag,Images/image_381.jpg
381,"۱۹۶,۰۰۰",۳.۹,کیف دوشی مدل d-1,Bag,Images/image_382.jpg
382,"۳۱۹,۰۰۰",۳.۵,کیف دوشی زنانه مدل NU-00670,Bag,Images/image_383.jpg
383,"۲۶۵,۰۰۰",۴,کیف زنانه مدل  KS-00156 مجموعه 3 عددی,Bag,Images/image_384.jpg
384,"۲۹۳,۰۰۰",۳.۹,کیف دستی زنانه مدل NU-00777,Bag,Images/image_385.jpg
385,"۴۶۵,۰۰۰",۴.۷,کیف رودوشی زنانه مدل 580,Bag,Images/image_386.jpg
386,"۲۳۵,۰۰۰",۴.۲,کیف رودوشی مدل DL-53,Bag,Images/image_387.jpg
387,"۱۶۰,۰۰۰",۴.۵,کیف رودوشی مدل NU-00759,Bag,Images/image_388.jpg
388,"۱۴۸,۰۰۰",۴.۲,کیف رو دوشی کد 1220,Bag,Images/image_389.jpg
389,"۲۰۰,۰۰۰",۳.۶,کیف رودوشی مدل 1-789,Bag,Images/image_390.jpg
390,"۱۸۹,۰۰۰",۴.۱,کیف رودوشی مردانه مدل HE120,Bag,Images/image_391.jpg
391,"۲۴۸,۵۰۰",۴,کیف دستی زنانه مدل KS-0017 مجموعه 3 عددی,Bag,Images/image_392.jpg
392,"۱۰۹,۹۰۰",۴,کیف دوشی مدل C38,Bag,Images/image_393.jpg
393,"۱,۸۷۲,۰۰۰",۳.۸,کیف رودوشی زنانه مدل 116,Bag,Images/image_394.jpg
394,"۱۲۹,۰۰۰",۳.۹,کیف کمری زنانه مدل 2108,Bag,Images/image_395.jpg
395,"۱۲۰,۰۰۰",۲.۹,کیف رودوشی زنانه مدل 2879,Bag,Images/image_396.jpg
396,"۲۵۹,۰۰۰",۳.۸,کیف زنانه کد ۲۳۱۴ مجموعه ۳ عددی,Bag,Images/image_397.jpg
397,"۱۹۵,۰۰۰",۴.۷,کیف رودوشی مردانه مدل he138,Bag,Images/image_398.jpg
398,"۲۷۰,۰۰۰",۴.۴,کیف رودوشی مردانه مدل 122548,Bag,Images/image_399.jpg
399,"۱۳۵,۰۰۰",۳.۹,کیف دوشی مردانه مدل 4SH 2B,Bag,Images/image_400.jpg
400,"۷۱,۱۵۰",۳.۸,کلاه کپ مدل 2022 طرح کتان,Bag,Images/image_401.jpg
401,"۹۷,۲۲۰",۴.۱,کلاه بافت مدل MS06,Hat,Images/image_402.jpg
402,"۱۴۴,۵۶۰",۳.۹,کلاه باکت مدل زمستانی تدی کد WB02,Hat,Images/image_403.jpg
403,"۳۰۵,۰۰۰",۳.۷,کلاه مدل پکول P5001,Hat,Images/image_404.jpg
404,"۱۱۷,۰۰۰",۳.۸,کلاه مدل لئونی کد 1001,Hat,Images/image_405.jpg
405,"۱۲۰,۰۰۰",۴.۱,کلاه کپ مدل زمستانه تدی,Hat,Images/image_406.jpg
406,"۸۵,۰۰۰",۳.۸,کلاه کپ مدل S600,Hat,Images/image_407.jpg
407,"۱۰۵,۰۰۰",۴,کلاه کپ مدل تدی نقاب دار اسپرت,Hat,Images/image_408.jpg
408,"۱۸۸,۰۰۰",۳.۹,کلاه روسی مدل خلبانی 2024,Hat,Images/image_409.jpg
409,"۶۴۴,۷۰۰",۴.۲,کلاه کپ موریی مدل Casual,Hat,Images/image_410.jpg
410,"۲۱۰,۰۰۰",۳.۸,کلاه کپ طرح سنگشور نرم مدل LUXE_2023,Hat,Images/image_411.jpg
411,"۳۴۰,۰۰۰",۳.۷,کلاه شاپو مدل MRE_2022,Hat,Images/image_412.jpg
412,"۳۵,۰۰۰",۳.۹,کلاه بافتنی مدل eyes2021,Hat,Images/image_413.jpg
413,"۸۵,۰۰۰",۴,کلاه کپ طرح NY کد 4832,Hat,Images/image_414.jpg
414,"۲۱۰,۰۰۰",۳.۷,کلاه کپ مدل چرم,Hat,Images/image_415.jpg
415,"۱۹۵,۰۰۰",۴.۱,کلاه لئونی بافتنی مدل 421,Hat,Images/image_416.jpg
416,"۱۰۳,۰۰۰",۴.۲,کلاه مدل اسپورت,Hat,Images/image_417.jpg
417,"۲۱۰,۰۰۰",۳.۴,کلاه برت مدل فرانسوی,Hat,Images/image_418.jpg
418,"۲۰۰,۰۰۰",۴.۳,کلاه مدل 01,Hat,Images/image_419.jpg
419,"۱۰۸,۰۰۰",۴.۱,کلاه کپ مدل زمستانه تدی اسپرت کد a-2795,Hat,Images/image_420.jpg
420,"۲۷۰,۰۰۰",۳.۵,کلاه برت مدل LUXE_2023 طرح فرانسوی,Hat,Images/image_421.jpg
421,"۸۰,۰۰۰",۳.۷,کلاه کپ مدل USN03,Hat,Images/image_422.jpg
422,"۱۴۴,۰۰۰",۳.۵,کلاه 5.11 مدل Cold,Hat,Images/image_423.jpg
423,"۹۷۱,۰۰۰",۳.۶,کلاه کپ چرم یلسان مدل کیهان کد GOS-048-srt,Hat,Images/image_424.jpg
424,"۱۸۹,۰۰۰",۳.۹,کلاه مدل برت کلاسیک فرانسوی,Hat,Images/image_425.jpg
425,"۳۷۹,۰۰۰",۴.۱,کلاه کوهنوردی مدل C114,Hat,Images/image_426.jpg
426,"۲۰۸,۰۰۰",۳.۷,کلاه مدل برت کلاسیک فرانسوی ART20,Hat,Images/image_427.jpg
427,"۳۵۰,۰۰۰",۴.۱,کلاه مدل شاپو وسترن کد 22,Hat,Images/image_428.jpg
428,"۴۰,۰۰۰",۳.۶,کلاه بافتنی مدل زمستانی,Hat,Images/image_429.jpg
429,"۲۹,۰۰۰",۳.۶,کلاه بافت مدل new73846,Hat,Images/image_430.jpg
430,"۱۴۹,۰۰۰",۳.۸,کلاه کپ کد msh1,Hat,Images/image_431.jpg
431,"۱۹۰,۰۰۰",۳.۵,کلاه لئونی مدل 2021,Hat,Images/image_432.jpg
432,"۶۵,۰۰۰",۳.۷,کلاه مدل باکت دورو کد A11,Hat,Images/image_433.jpg
433,"۵۵۰,۰۰۰",۴,کلاه مدل KHAMAS7756,Hat,Images/image_434.jpg
434,"۷۹,۰۰۰",۳.۷,کلاه کپ کد NK302,Hat,Images/image_435.jpg
435,"۱۳۰,۰۰۰",۳.۹,کلاه بافتنی مدل  لئونی کد LUXE_2022,Hat,Images/image_436.jpg
436,"۱۷۸,۰۰۰",۴.۲,کلاه بافتنی طرح داخل خز سام مدل 403,Hat,Images/image_437.jpg
437,"۶۰۴,۵۰۰",۴.۴,کلاه کپ چرم یلسان مدل گوشدار کد GOS-206-msk,Hat,Images/image_438.jpg
438,"۲۲۰,۵۰۰",۴.۳,کلاه لئونی مدل SAM-406 کد 1054,Hat,Images/image_439.jpg
439,"۸۰۰,۰۰۰",۳.۱,کلاه مدل ushanka_9,Hat,Images/image_440.jpg
440,"۱۲۹,۰۰۰",۴,کلاه کپ مدل BST-01,Hat,Images/image_441.jpg
441,"۲۱۶,۷۵۰",۴.۲,کلاه بافتنی مدل فرانسوی کد RM,Hat,Images/image_442.jpg
442,"۱۰۵,۰۷۰",۳.۷,کلاه آی تمر مدل بازی مرکب اسکویید گیم کد 373,Hat,Images/image_443.jpg
443,"۵۰,۰۰۰",۳.۷,کلاه بافت زمستانی مدل 7130 کد K046,Hat,Images/image_444.jpg
444,"۲۲۰,۰۰۰",۴.۳,کلاه بافتنی مدل فرانسوی,Hat,Images/image_445.jpg
445,"۱۲۰,۰۰۰",۵,کلاه مدل روس,Hat,Images/image_446.jpg
446,"۱۹۴,۰۰۰",۴.۱,کلاه شاپو مدل شهرزادی کد 51204,Hat,Images/image_447.jpg
447,"۷۰,۰۰۰",۳.۷,کلاه کپ مدل LUXE_2022,Hat,Images/image_448.jpg
448,"۸۸,۰۰۰",۳.۶,کلاه بافتنی مدل لئون کد 011,Hat,Images/image_449.jpg
449,"۱۷۶,۴۲۰",۴.۱,کلاه طرح چتر کد 001,Hat,Images/image_450.jpg
450,"۳۲۰,۰۰۰",۴.۲,کلاه لئونی مدل شقایق کد 22,Hat,Images/image_451.jpg
451,"۳۹۰,۰۰۰",۴.۱,کلاه مدل فرانسوی کد 26,Hat,Images/image_452.jpg
452,"۵۵,۰۰۰",۴.۲,کلاه باکت مدل پرسینگ,Hat,Images/image_453.jpg
453,"۳۲۱,۳۰۰",۴.۱,کلاه بافتنی سام مدل 322,Hat,Images/image_454.jpg
454,"۲۰۴,۰۰۰",۳.۲,کلاه روسی مدل CHN 01,Hat,Images/image_455.jpg
455,"۱۹۵,۰۰۰",۴.۵,کلاه بافتنی سام مدل لبه برگرد داخل خز کد 530,Hat,Images/image_456.jpg
456,"۸۹,۲۴۰",۲.۸,کلاه لئونی مدل بافتنی,Hat,Images/image_457.jpg
457,"۱۴۷,۰۰۰",۴.۱,کلاه کپ مدل S1,Hat,Images/image_458.jpg
458,"۱۶۰,۰۰۰",۴.۳,کلاه بافتنی مدل LUXE_2021,Hat,Images/image_459.jpg
459,"۸۳,۰۰۰",۳.۶,کلاه بافتنی مدل فرانسوی 02,Hat,Images/image_460.jpg
460,"۱۷۵,۰۰۰",۳.۷,کلاه کپ مدل PZ114,Hat,Images/image_461.jpg
461,"۹۵,۰۰۰",۳.۵,کلاه لئونی مدل LUXE_2023,Hat,Images/image_462.jpg
462,"۱۲۳,۲۰۰",۳.۷,کلاه بافتنی طرح داخل خز مدل گلدوزی,Hat,Images/image_463.jpg
463,"۱۰۵,۰۰۰",۴.۱,کلاه کپ کد NK107,Hat,Images/image_464.jpg
464,"۵۰۰,۰۰۰",۴,کلاه کپ مدل SP02,Hat,Images/image_465.jpg
465,"۲۳۰,۰۰۰",۴.۲,کلاه بافتنی سام مدل داخل خز لبه برگرد کد 202,Hat,Images/image_466.jpg
466,"۳۴۵,۰۰۰",۲.۹,کلاه برت مدل  فرانسوی کد 201,Hat,Images/image_467.jpg
467,"۵۸۰,۰۰۰",۴.۱,کلاه مدل پیکی بلایندرز کد 36,Hat,Images/image_468.jpg
468,"۳۲۰,۰۰۰",۴.۱,کلاه لئونی کد 2021,Hat,Images/image_469.jpg
469,"۵۵,۰۰۰",۳.۹,کلاه بافتنی مدل مخمل دو لایه,Hat,Images/image_470.jpg
470,"۶۶,۰۰۰",۳.۷,کلاه بافتنی مدل رنجر کد 1390,Hat,Images/image_471.jpg
471,"۱۵۰,۰۰۰",۴.۴,کلاه بافتنی طرح اسکارف تو خز,Hat,Images/image_472.jpg
472,"۱۷۵,۰۰۰",۴,کلاه باراتا مدل فلت طرح چهارخانه,Hat,Images/image_473.jpg
473,"۱۰۰,۰۰۰",۳.۹,کلاه کپ کد 3820501,Hat,Images/image_474.jpg
474,"۵۳,۵۰۰",۳.۹,کلاه بافتنی کد 120,Hat,Images/image_475.jpg
475,"۱۱۹,۷۶۰",۴.۷,کلاه کپ مدل تدی,Hat,Images/image_476.jpg
476,"۱۸۵,۰۰۰",۳.۵,کلاه بافتنی مدل 2022,Hat,Images/image_477.jpg
477,"۴۱۰,۰۰۰",۳.۸,کلاه کد sh013,Hat,Images/image_478.jpg
478,"۹۸,۰۰۰",۴,کلاه بافتنی مدل 01,Hat,Images/image_479.jpg
479,"۲۰۵,۰۰۰",۳.۸,کلاه مدل برت,Hat,Images/image_480.jpg
480,"۱۴۸,۰۰۰",۳.۳,کلاه باکت مدل تدی,Hat,Images/image_481.jpg
481,"۱۰۰,۰۰۰",۳.۶,کلاه کپ کد N110,Hat,Images/image_482.jpg
482,"۷۱,۰۰۰",۳.۷,کلاه کپ کد NK301,Hat,Images/image_483.jpg
483,"۵۹,۰۰۰",۳.۷,کلاه بافت مدل NY-7090,Hat,Images/image_484.jpg
484,"۶۵۰,۰۰۰",۳.۷,کلاه بافتنی نیچرهایک مدل NH67,Hat,Images/image_485.jpg
485,"۱۵۰,۰۰۰",۳.۱,کلاه بافتنی مدل LE,Hat,Images/image_486.jpg
486,"۱۱۰,۰۰۰",۳.۸,کلاه کپ مدل NY,Hat,Images/image_487.jpg
487,"۲۶۰,۰۰۰",۳.۷,کلاه کپ مدل 1367,Hat,Images/image_488.jpg
488,"۵۵,۰۰۰",۴.۲,کلاه باکت کد 01,Hat,Images/image_489.jpg
489,"۴۳,۰۰۰",۳.۶,کلاه بافتنی مدل ساده رنگ مشکی,Hat,Images/image_490.jpg
490,"۲۰۰,۰۰۰",۴,کلاه کپ مدل 2021,Hat,Images/image_491.jpg
491,"۱۶۸,۰۰۰",۳.۴,کلاه خلبانی مدل داخل خز روسی,Hat,Images/image_492.jpg
492,"۶۰,۴۴۰",۲.۵,کلاه بافتنی مدل LUX_44,Hat,Images/image_493.jpg
493,"۹۵,۰۰۰",۳.۸,کلاه کد 25,Hat,Images/image_494.jpg
494,"۳۵۰,۰۰۰",۴.۱,کلاه کپ مردانه شی یون لای مدل BN001,Hat,Images/image_495.jpg
495,"۲۰۰,۰۰۰",۳.۹,کلاه شاپو کد J266,Hat,Images/image_496.jpg
496,"۱۸۷,۰۰۰",۴,کلاه لئونی مدل لبه دار ساده,Hat,Images/image_497.jpg
497,"۵۰۰,۰۰۰",۴.۵,کلاه کد 006,Hat,Images/image_498.jpg
498,"۸۵,۰۰۰",۴.۱,کلاه باکت مدل زنجیردار,Hat,Images/image_499.jpg
499,"۴۵۰,۰۰۰",۳.۷,کلاه مدل خلبانی ماسک دار 02,Hat,Images/image_500.jpg
500,"۵۸۰,۰۰۰",۳.۳,کلاه برت مدل 09,Hat,Images/image_501.jpg
501,"۱۲۵,۰۰۰",۳.۶,کلاه بافتنی مدل BLB_NN کد 1044,Hat,Images/image_502.jpg
502,"۳۱۰,۰۰۰",۳.۵,کلاه کپ مدل NY کد mn768,Hat,Images/image_503.jpg
503,"۱۶۴,۰۰۰",۴.۳,کلاه کد PZ172,Hat,Images/image_504.jpg
504,"۱۹۴,۰۰۰",۴.۲, کلاه بافتنی کد M-0533,Hat,Images/image_505.jpg
505,"۴۶۰,۰۰۰",۳.۸,کلاه لئونی مدل LN-400,Hat,Images/image_506.jpg
506,"۳۰۰,۰۰۰",۳.۶,کلاه کپ کد 29002,Hat,Images/image_507.jpg
507,"۳۹۹,۰۰۰",۴.۱,کلاه کپ مدل PL3 کد 51179,Hat,Images/image_508.jpg
508,"۳۲۰,۰۰۰",۲.۷,کلاه مدل P5003,Hat,Images/image_509.jpg
509,"۱۹۰,۰۰۰",۴.۳,کلاه بافتنی مدل 8106,Hat,Images/image_510.jpg
510,"۷۴,۰۰۰",۳.۷,کلاه کپ کد KOT-10,Hat,Images/image_511.jpg
511,"۲۰۰,۰۰۰",۳.۸, کلاه کپ مدل WERT_12,Hat,Images/image_512.jpg
512,"۴۸۱,۲۰۰",۵,کلاه کپ چرم یلسان مدل 047-GOS,Hat,Images/image_513.jpg
513,"۱۵۰,۰۰۰",۴.۱,کلاه بافتنی مدل پوم دار داخل خز,Hat,Images/image_514.jpg
514,"۵۱,۰۰۰",۴.۱,کلاه بافتنی مدل موهر طرح پشمی LU2023,Hat,Images/image_515.jpg
515,"۱۷۷,۱۰۰",۴.۱,کلاه بافتنی لئونی مدل سپهر,Hat,Images/image_516.jpg
516,"۳۹۰,۰۰۰",۴.۴,کلاه کپ مدل نقاب کوتاه کوبایی کد 46,Hat,Images/image_517.jpg
517,"۶۹,۰۰۰",۳.۷,کلاه کپ مدل PJ-1612,Hat,Images/image_518.jpg
518,"۲۸۰,۰۰۰",۳.۴,کلاه ودز مدل ۰۰۱,Hat,Images/image_519.jpg
519,"۳۵۰,۰۰۰",۳.۳,کلاه مردانه کد S66,Hat,Images/image_520.jpg
520,"۱۹۸,۰۰۰",۳.۵,کلاه بافتنی سام کد 546,Hat,Images/image_521.jpg
521,"۳۹۲,۰۰۰",۳.۱,کلاه مدل HX 318,Hat,Images/image_522.jpg
522,"۱۰۰,۰۰۰",۳.۶,کلاه مدل لئونی بالا گوش,Hat,Images/image_523.jpg
523,"۴۵۰,۰۰۰",۳.۷,کلاه مدل پیکی بلایندرز کد 2024,Hat,Images/image_524.jpg
524,"۷۵,۰۰۰",۳.۹,کلاه لئونی بافتنی کد BafRa1,Hat,Images/image_525.jpg
525,"۲۱۰,۰۰۰",۴.۲,کلاه بافتنی طرح پوم دار داخل حوله ایی مدل 8687,Hat,Images/image_526.jpg
526,"۴۵۰,۰۰۰",۲.۸,کلاه مدل پیکی بلایندرز کد 58,Hat,Images/image_527.jpg
527,"۴۸۰,۰۰۰",۴.۷,کلاه بافتنی قایا مدل داخل پلار کد 702,Hat,Images/image_528.jpg
528,"۱۳۴,۹۰۰",۴,کلاه کپ مدل تدی LUX,Hat,Images/image_529.jpg
529,"۵۰,۰۰۰",۳.۷,کلاه بافتنی مدل چشمک کد 2021,Hat,Images/image_530.jpg
530,"۱۰۵,۰۷۰",۴.۲,کلاه آی تمر مدل کالاف دیوتی call of duty کد 344,Hat,Images/image_531.jpg
531,"۳۷,۰۰۰",۳.۴,کلاه بافتنی کد M61,Hat,Images/image_532.jpg
532,"۷۹,۰۰۰",۳.۹,کلاه آفتابی مدل Bodyguard,Hat,Images/image_533.jpg
533,"۲۳۰,۰۰۰",۳.۵,کلاه شاپو مدل G50,Hat,Images/image_534.jpg
534,"۱۷۰,۰۰۰",۴,کلاه بافتنی کد M,Hat,Images/image_535.jpg
535,"۳۱۰,۰۰۰",۴.۹,کلاه بافتنی سام مدل نقابدار داخل خز طرح مارک فلزی کد 527,Hat,Images/image_536.jpg
536,"۳۱,۰۰۰",۳.۶,کلاه بافتنی مدل پلکی,Hat,Images/image_537.jpg
537,"۲۷,۰۰۰",۳.۹,کلاه بافتنی مدل چشم,Hat,Images/image_538.jpg
538,"۱۱۷,۰۰۰",۳.۳,کلاه بافتنی مدل داخل خز,Hat,Images/image_539.jpg
539,"۵۸,۰۰۰",۳.۳,کلاه باکت مدل ساده B-1010,Hat,Images/image_540.jpg
540,"۱۰۰,۰۰۰",۳.۷,کلاه کپ کد N120,Hat,Images/image_541.jpg
541,"۲۵۹,۰۰۰",۴.۱,کلاه آفتابگیر مدل حصیری ساحلی LUXE,Hat,Images/image_542.jpg
542,"۳۵۵,۰۰۰",۴,کلاه بافتنی طرح فرانسوی مدل 8605,Hat,Images/image_543.jpg
543,"۸۵,۰۰۰",۳.۲,کلاه کد sh047,Hat,Images/image_544.jpg
544,"۵۷,۰۰۰",۳.۸,کلاه بافتنی مدل زمستانی طرح NY کد 150,Hat,Images/image_545.jpg
545,"۱۳۰,۰۰۰",۴,کلاه مدل بافت داخل خز,Hat,Images/image_546.jpg
546,"۹۰,۰۰۰",۳.۸,کلاه کپ کد NK104,Hat,Images/image_547.jpg
547,"۳۷۷,۰۰۰",۳.۹,کلاه بافتنی سام مدل 431,Hat,Images/image_548.jpg
548,"۶۹,۰۰۰",۳.۶,کلاه کپ کد M200,Hat,Images/image_549.jpg
549,"۱۸۰,۰۰۰",۴.۳,کلاه مدل اسپرت کد 0053,Hat,Images/image_550.jpg
550,"۳۸۰,۰۰۰",۳.۹, کلاه کپ کد PZ-181,Hat,Images/image_551.jpg
551,"۲۴۹,۰۰۰",۳.۸,کلاه کپ مدل چرم طبیعی,Hat,Images/image_552.jpg
552,"۲۰۰,۰۰۰",۳.۸,کلاه کپ کد AM100,Hat,Images/image_553.jpg
553,"۱۰۸,۰۰۰",۳.۸,کلاه کپ کد 400,Hat,Images/image_554.jpg
554,"۲۴۰,۰۰۰",۳.۳,کلاه برت مدل C880,Hat,Images/image_555.jpg
555,"۲۰۵,۰۰۰",۳.۸,کلاه مدل برت کد 2022,Hat,Images/image_556.jpg
556,"۶۱,۰۰۰",۳.۵,کلاه کپ کد KOT-07,Hat,Images/image_557.jpg
557,"۶۹,۹۰۰",۴,کلاه بافتنی مدل poro1,Hat,Images/image_558.jpg
558,"۳۸۰,۰۰۰",۴.۶,کلاه مدل کوبایی کد 60,Hat,Images/image_559.jpg
559,"۳۲,۰۰۰",۳.۵,کلاه بافتنی کد M65,Hat,Images/image_560.jpg
560,"۱۸۰,۰۰۰",۴,کلاه کپ مدل تدی,Hat,Images/image_561.jpg
561,"۴۳۵,۰۰۰",۵,کلاه سام مدل خلبانی داخل خز کد 450,Hat,Images/image_562.jpg
562,"۱۰۵,۰۷۰",۲.۷,کلاه آی تمر مدل بازی مرکب کد 430,Hat,Images/image_563.jpg
563,"۳۳۰,۰۰۰",۴.۷,کلاه بافتنی سام مدل sam-226,Hat,Images/image_564.jpg
564,"۳۲۰,۰۰۰",۴,کلاه کپ مدل ROC کد 12,Hat,Images/image_565.jpg
565,"۱۲۹,۰۰۰",۴.۳,کلاه بافتنی مدل اسکارف,Hat,Images/image_566.jpg
566,"۱۹۰,۰۰۰",۳.۳,کلاه کپ مدل 8701A07,Hat,Images/image_567.jpg
567,"۱۲۵,۰۰۰",۳.۷,کلاه بافتنی کد sh033,Hat,Images/image_568.jpg
568,"۲۲۰,۰۰۰",۳.۸,کلاه کپ مدل npc,Hat,Images/image_569.jpg
569,"۳۳۹,۰۰۰",۳,کلاه کپ اما مدل چرمی کد 031,Hat,Images/image_570.jpg
570,"۵۵,۰۰۰",۳.۵,کلاه مدل باکت کد 7001,Hat,Images/image_571.jpg
571,"۱۴۵,۰۰۰",۴,کلاه لئونی مدل هیچ کد L-24,Hat,Images/image_572.jpg
572,"۴۵۰,۰۰۰",۴.۵,کلاه کپ مدل زمستانی نقابدار,Hat,Images/image_573.jpg
573,"۳۹۹,۰۰۰",۵,کلاه شاپو مدل کمربندی کد 01,Hat,Images/image_574.jpg
574,"۱۸۵,۰۰۰",۳.۳,کلاه بافتنی مدل لئون کد 21,Hat,Images/image_575.jpg
575,"۱,۱۷۱,۰۰۰",۴.۴,کلاه کپ چرم یلسان مدل 097-GOS,Hat,Images/image_576.jpg
576,"۳۹۹,۰۰۰",۴.۷,کلاه کپ مدل عینک دار HAND MADE,Hat,Images/image_577.jpg
577,"۱۰۵,۰۷۰",۳,کلاه بافتنی آی تمر مدل بازی مرکب اسکویید گیم کد 401,Hat,Images/image_578.jpg
578,"۴۰۰,۰۰۰",۴,تی شرت آستین کوتاه مردانه اسپست مدل ASP-TWH-D,T Shirt,Images/image_579.jpg
579,"۴۰۰,۰۰۰",۴.۴,تی شرت آستین کوتاه مردانه اسپست مدل ASP-TBLK--D,T Shirt,Images/image_580.jpg
580,"۴۰۰,۰۰۰",۴.۷,تی شرت آستین کوتاه مردانه اسپست مدل D,T Shirt,Images/image_581.jpg
581,"۳۳۲,۵۰۰",۵,تی شرت آستین کوتاه مردانه هورا مهر مدل HM-TB01,T Shirt,Images/image_582.jpg
582,"۷۴,۷۶۰",۲.۹,تیشرت آستین بلند مردانه کد 3BL,T Shirt,Images/image_583.jpg
583,"۳۱۹,۹۰۰",۴.۳,تی شرت آستین کوتاه مردانه موها فیتنس مدل 7B,T Shirt,Images/image_584.jpg
584,"۱۷۷,۱۱۰",۳,تی شرت آستین کوتاه مردانه کد 34160,T Shirt,Images/image_585.jpg
585,"۵۹,۰۰۰",۲.۸,تی شرت آستین کوتاه مردانه مدل SA2,T Shirt,Images/image_586.jpg
586,"۵۹,۰۰۰",۳.۲,تی شرت مردانه نخی فلوریزا طرح بتمن کد batman001M تیشرت,T Shirt,Images/image_587.jpg
587,"۱۳۲,۰۰۰",۳.۳,تیشرت مردانه مدل سرنوشت کد 55,T Shirt,Images/image_588.jpg
588,"۴۱۵,۰۰۰",۳.۳,تی شرت آستین کوتاه مردانه دکسونری مدل  271000202 رنگ مشکی,T Shirt,Images/image_589.jpg
589,"۴۴۸,۰۰۰",۴,تی شرت آستین بلند مردانه مدل 271002137 رنگ آجری,T Shirt,Images/image_590.jpg
590,"۶۹۰,۰۰۰",۴.۴,تی شرت آستین کوتاه مردانه رانژ مدل 21RA03D05M-1137-01,T Shirt,Images/image_591.jpg
591,"۱۷۹,۰۰۰",۲.۷,تی شرت مردانه فلوریزا ساده بدون طرح کد SIMPLE TSHIRT 001 تیشرت,T Shirt,Images/image_592.jpg
592,"۱۷۹,۰۰۰",۳.۴,تیشرت مردانه طرح رئال مادرید کد 0194,T Shirt,Images/image_593.jpg
593,"۹۹,۰۰۰",۳.۴,تی شرت آستین کوتاه مردانه کد S179,T Shirt,Images/image_594.jpg
594,"۵۹۰,۰۰۰",۴.۵,تی شرت آستین کوتاه مردانه رانژ مدل ساده 23RA05 - 410 رنگ سبز,T Shirt,Images/image_595.jpg
595,"۴۹۸,۰۰۰",۴.۲,تیشرت آستین کوتاه مردانه 1991 اس دبلیو مدل TS1930 GR,T Shirt,Images/image_596.jpg
596,"۵۸,۰۰۰",۲.۹,تیشرت آستین کوتاه مردانه کد SB228 رنگ مشکی ,T Shirt,Images/image_597.jpg
597,"۵۳,۹۰۰",۳.۳,تی شرت مردانه کد S174,T Shirt,Images/image_598.jpg
598,"۵۹,۰۰۰",۳.۳,تی شرت آستین کوتاه مردانه طرح بوکس کد 34384,T Shirt,Images/image_599.jpg
599,"۳۸۵,۰۰۰",۴.۳,تی شرت آستین کوتاه مردانه باینت مدل 2261786 رنگ مشکی,T Shirt,Images/image_600.jpg
600,"۱۷۹,۰۰۰",۳.۵,تی شرت مردانه طرح ونوم مدل BW-15098,T Shirt,Images/image_601.jpg
601,"۶۹,۰۰۰",۲.۸,تی شرت آستین کوتاه مردانه مدل پارس رنگ مشکی,T Shirt,Images/image_602.jpg
602,"۱۶۹,۰۰۰",۳.۴,تی شرت مردانه طرح شیکاگو بولز کد 34371,T Shirt,Images/image_603.jpg
603,"۴۹,۰۰۰",۳.۱,تیشرت مردانه طرح آرزو کد 73,T Shirt,Images/image_604.jpg
604,"۱۷۹,۰۰۰",۲.۶,تی شرت آستین کوتاه مردانه مدل لینکین پارک,T Shirt,Images/image_605.jpg
605,"۴۱۸,۰۰۰",۳,تی شرت آستین کوتاه مردانه کانتکس مدل نخ پنبه کد 249010501 رنگ سفید,T Shirt,Images/image_606.jpg
606,"۸۸,۰۰۰",۳.۳,تیشرت آستین کوتاه مردانه مدل T46,T Shirt,Images/image_607.jpg
607,"۴۱۲,۰۰۰",۳,تی شرت آستین کوتاه مردانه مدل 271002501 رنگ سفید,T Shirt,Images/image_608.jpg
608,"۳۹۹,۰۰۰",۴.۳,تیشرت آستین بلند مردانه باینت مدل 440-7,T Shirt,Images/image_609.jpg
609,"۳۱۸,۵۰۰",۳.۴,تی شرت آستین کوتاه مردانه مدل رپی امینم جی تی ای gta کد z287,T Shirt,Images/image_610.jpg
610,"۱۶۹,۰۰۰",۲.۹,تیشرت آستین کوتاه مردانه کد 10002 طرح اساسین کرید ,T Shirt,Images/image_611.jpg
611,"۴۹,۰۰۰",۳.۴,تیشرت مردانه طرح فرندز کد 37,T Shirt,Images/image_612.jpg
612,"۵۹۰,۰۰۰",۴.۳,تی شرت آستین کوتاه مردانه رانژ مدل 21RA10D11M-1443-01,T Shirt,Images/image_613.jpg
613,"۲۰۱,۵۹۰",۳.۴,تی شرت آستین کوتاه مردانه مدل SE-SA رنگ سفید,T Shirt,Images/image_614.jpg
614,"۱,۱۳۸,۳۱۰",۲.۴,تی شرت آستین کوتاه مردانه تاپیک مدل نانو آنتی باکتریال ضدتعریق طرح سنتی رنگ مشکی,T Shirt,Images/image_615.jpg
615,"۵۹,۰۰۰",۳.۱,تیشرت  آستین کوتاه مردانه طرح گرگ کد 0106,T Shirt,Images/image_616.jpg
616,"۴۵۹,۰۰۰",۴.۶,تی شرت آستین کوتاه مردانه باینت مدل 767-1 رینگر رنگ مشکی,T Shirt,Images/image_617.jpg
617,"۶۹۰,۰۰۰",۴.۳,تی شرت آستین بلند مردانه رانژ مدل 21RA29D09M-1409-01,T Shirt,Images/image_618.jpg
618,"۱۷۹,۰۰۰",۲.۸,تی شرت آستین کوتاه مردانه مدل 23 کد BW13457,T Shirt,Images/image_619.jpg
619,"۲۳۳,۹۰۰",۴.۳,تی شرت آستین کوتاه مردانه مدل rai01,T Shirt,Images/image_620.jpg
620,"۳۰۹,۰۰۰",۴.۵,تی شرت آستین بلند مردانه باینت مدل 2261572-572 رنگ مشکی,T Shirt,Images/image_621.jpg
621,"۵۹,۰۰۰",۳,تی شرت آستین کوتاه مردانه مدل پرواز,T Shirt,Images/image_622.jpg
622,"۸۹,۰۰۰",۳.۲,تیشرت مردانه طرح PARIS کد ZJ02,T Shirt,Images/image_623.jpg
623,"۶۰۵,۰۰۰",۵,تی شرت آستین کوتاه مردانه زی سا مدل 1005 رنگ سرمه ای,T Shirt,Images/image_624.jpg
624,"۳۸۵,۰۰۰",۴,تی شرت آستین کوتاه مردانه باینت مدل 2261787,T Shirt,Images/image_625.jpg
625,"۱۶۹,۰۰۰",۳.۱,تیشرت مردانه طرح GTAV رنگ مشکی,T Shirt,Images/image_626.jpg
626,"۳۸۵,۰۰۰",۴,تی شرت آستین کوتاه مردانه باینت مدل 2261787 رنگ سبز,T Shirt,Images/image_627.jpg
627,"۵۹۸,۰۰۰",۴.۲,تی شرت اورسایز مردانه نوزده نودیک مدل TS63 B,T Shirt,Images/image_628.jpg
628,"۱۷۹,۰۰۰",۳.۱,تی شرت آستین بلند مردانه مدل F27 رنگ سفید,T Shirt,Images/image_629.jpg
629,"۹۹,۰۰۰",۳.۲,تی شرت مردانه طرح شاخه کد S329,T Shirt,Images/image_630.jpg
630,"۴۹,۰۰۰",۳,تی شرت آستین کوتاه مردانه اولسون مدل سنجاق,T Shirt,Images/image_631.jpg
631,"۲۷۹,۰۰۰",۴.۱,تی شرت آستین کوتاه مردانه مدل لش اسکلت z091,T Shirt,Images/image_632.jpg
632,"۵۹۰,۰۰۰",۴.۳,تی شرت آستین کوتاه مردانه رانژ مدل ساده 23RA05 - 413 رنگ کرم,T Shirt,Images/image_633.jpg
633,"۵۹۰,۰۰۰",۴.۵,تی شرت آستین کوتاه مردانه رانژ مدل  22RA07D04M-2426-01  ,T Shirt,Images/image_634.jpg
634,"۳۲۳,۰۰۰",۴.۱,تی شرت آستین بلند مردانه باینت مدل 2261571-571 رنگ سبز,T Shirt,Images/image_635.jpg
635,"۶۹,۰۰۰",۳.۱,تیشرت آستین بلند مردانه مدل W01,T Shirt,Images/image_636.jpg
636,"۳۸۵,۰۰۰",۳,تی شرت آستین کوتاه مردانه باینت مدل 2261786,T Shirt,Images/image_637.jpg
637,"۱۷۷,۱۱۰",۳.۱,تی شرت آستین کوتاه مردانه مدل بوکس,T Shirt,Images/image_638.jpg
638,"۵۷۹,۰۰۰",۴.۵,تی شرت آستین بلند مردانه کانتکس مدل 249013501 رنگ سفید,T Shirt,Images/image_639.jpg
639,"۱۷۹,۰۰۰",۳.۷,تیشرت مردانه طرح کوروش کبیر 15326,T Shirt,Images/image_640.jpg
640,"۲۴۷,۶۰۰",۴,تی شرت آستین بلند مردانه لیلاژ مدل hippo tylw,T Shirt,Images/image_641.jpg
641,"۲۱۹,۰۰۰",۳.۷,تی شرت آستین کوتاه مردانه زی سا مدل 1002 رنگ مشکی,T Shirt,Images/image_642.jpg
642,"۱۱۰,۰۰۰",۳.۸,تیشرت آستین کوتاه مردانه مدل کشتی A60,T Shirt,Images/image_643.jpg
643,"۳۴۰,۰۰۰",۴.۲,تی شرت اورسایز مردانه مدل 115,T Shirt,Images/image_644.jpg
644,"۵۹۰,۰۰۰",۴.۴,تی شرت آستین کوتاه مردانه رانژ مدل ساده 23RA05 - 409 رنگ آبی,T Shirt,Images/image_645.jpg
645,"۴۸,۰۰۰",۲.۶,تی شرت آستین کوتاه مردانه مدل IGD.ZZ,T Shirt,Images/image_646.jpg
646,"۳۹۹,۰۰۰",۴.۳,تیشرت آستین بلند مردانه باینت مدل 440-1 رنگ مشکی ,T Shirt,Images/image_647.jpg
647,"۳۰۹,۰۰۰",۴.۱,تی شرت آستین بلند مردانه باینت مدل 2261572-572 رنگ سرمه ای,T Shirt,Images/image_648.jpg
648,"۴۵۹,۰۰۰",۴.۷,تی شرت آستین کوتاه مردانه باینت مدل رینگر 767-2,T Shirt,Images/image_649.jpg
649,"۴۹۹,۰۰۰",۴.۵,تی شرت آستین کوتاه مردانه باینت مدل 764-1 رنگ مشکی,T Shirt,Images/image_650.jpg
650,"۴۹۹,۰۰۰",۳.۸,تی شرت آستین بلند مردانه دیجی استایل اسنشیال مدل 177/13,T Shirt,Images/image_651.jpg
651,"۶۹۸,۰۰۰",۴.۳,تی شرت اورسایز مردانه نوزده نودیک مدل TS1978 B,T Shirt,Images/image_652.jpg
652,"۷۳,۰۰۰",۲.۴,تیشرت مردانه ساده رنگ مشکی مدل black-002,T Shirt,Images/image_653.jpg
653,"۳۱۸,۵۰۰",۳.۷,تی شرت آستین کوتاه مردانه مدل گنگ لش دارک,T Shirt,Images/image_654.jpg
654,"۱۷۸,۰۰۰",۳.۳,تی شرت آستین کوتاه مردانه طرح هوندا کد BW1549,T Shirt,Images/image_655.jpg
655,"۶۶۷,۰۰۰",۵,تی شرت آستین بلند مردانه آر اِن اِس مدل 9405,T Shirt,Images/image_656.jpg
656,"۵۹۰,۰۰۰",۴.۱,تی شرت آستین کوتاه مردانه رانژ مدل 21RA10D11M-1442-01,T Shirt,Images/image_657.jpg
657,"۸۹,۰۰۰",۳.۱,تی شرت مردانه کد 34280,T Shirt,Images/image_658.jpg
658,"۱,۰۸۴,۹۱۰",۳,تی شرت آستین کوتاه مردانه تاپیک مدل  نانو آنتی باکتریال ضدتعریق یقه گرد رنگ سفید,T Shirt,Images/image_659.jpg
659,"۱۷۸,۰۰۰",۳.۵,تی شرت آستین کوتاه مردانه مدل بدنسازی,T Shirt,Images/image_660.jpg
660,"۴۱۹,۰۰۰",۴.۳,تی شرت آستین بلند مردانه باینت مدل 2261909 رنگ آبی,T Shirt,Images/image_661.jpg
661,"۱۶۹,۰۰۰",۲.۸,تیشرت آستین کوتاه مردانه کد 1ABL رنگ مشکی,T Shirt,Images/image_662.jpg
662,"۳۳۸,۰۰۰",۳.۵,تی شرت آستین کوتاه مردانه مدل گنگ دارک لش کد mo063,T Shirt,Images/image_663.jpg
663,"۲۴۳,۰۰۰",۳.۴,تی شرت آستین کوتاه مردانه مدل گنگ لش کد z108,T Shirt,Images/image_664.jpg
664,"۳۱۹,۹۵۰",۵,تی شرت آستین کوتاه مردانه موها فیتنس مدل 7TO,T Shirt,Images/image_665.jpg
665,"۳۲۷,۰۰۰",۵,تی شرت آستین کوتاه مردانه مدل 347029802 نخی چاپی رنگ مشکی,T Shirt,Images/image_666.jpg
666,"۱۱۰,۰۰۰",۳.۴,تی شرت مردانه کد S180,T Shirt,Images/image_667.jpg
667,"۱۶۰,۰۰۰",۳.۳,تی شرت مردانه طرح مارشملو کد 34349,T Shirt,Images/image_668.jpg
668,"۲۴۵,۰۰۰",۴.۲,تیشرت آستین کوتاه مردانه روانبخش مدل D2M کد ۲۰۴۵۷ رنگ مشکی,T Shirt,Images/image_669.jpg
669,"۱۹۹,۰۰۰",۳.۶,تیشرت مردانه جوکر کد 63,T Shirt,Images/image_670.jpg
670,"۳۹۹,۰۰۰",۴,تی شرت مردانه باینت مدل 559-3 رنگ سبز,T Shirt,Images/image_671.jpg
671,"۳۹۹,۰۰۰",۴.۴,تیشرت کلاه دار مردانه باینت کد 323-10 رنگ سرمه ای,T Shirt,Images/image_672.jpg
672,"۳۳۸,۰۰۰",۴.۵,تی شرت آستین کوتاه مردانه مدل انیمه ای اتک ان تایتان هنگ شناسایی,T Shirt,Images/image_673.jpg
673,"۶۹۰,۰۰۰",۴.۳,تی شرت آستین بلند مردانه رانژ مدل ساده 23RA05 - 412 رنگ آبی,T Shirt,Images/image_674.jpg
674,"۸۹,۰۰۰",۳.۱,تی شرت آستین بلند مردانه کد NEK20,T Shirt,Images/image_675.jpg
675,"۳۹۹,۰۰۰",۴.۴,تی شرت آستین کوتاه مردانه باینت مدل 552-3,T Shirt,Images/image_676.jpg
676,"۱۷۹,۰۰۰",۲.۷,تیشرت آستین کوتاه مردانه کد SW 233 رنگ سفید,T Shirt,Images/image_677.jpg
677,"۸۹,۰۰۰",۳.۲,تی شرت مردانه طرح منچسترسیتی کد 11A1,T Shirt,Images/image_678.jpg
678,"۱۱۰,۰۰۰",۳.۸,تی شرت آستین کوتاه مردانه مدل کشتی گیر D212,T Shirt,Images/image_679.jpg
679,"۳۹۹,۰۰۰",۴.۱,تیشرت آستین بلند مردانه باینت مدل 440-5,T Shirt,Images/image_680.jpg
680,"۱۵۰,۴۱۰",۲.۵,تی شرت آستین کوتاه مردانه کد 7579 رنگ سفید,T Shirt,Images/image_681.jpg
681,"۵۹۰,۰۰۰",۴.۶,تی شرت آستین کوتاه مردانه رانژ مدل   ساده کد 23RA05 - 422 رنگ شیری,T Shirt,Images/image_682.jpg
682,"۳۳۸,۰۰۰",۴.۴,تیشرت آستین کوتاه مردانه باینت مدل 401-2,T Shirt,Images/image_683.jpg
683,"۱۱۰,۰۰۰",۳.۴,تی شرت آستین بلند مردانه مدل تصویر رهبر W264,T Shirt,Images/image_684.jpg
684,"۴۵۹,۰۰۰",۴.۲,تی شرت لانگ  آستین بلند مردانه باینت مدل 567-1 سنگشور رنگ دودی,T Shirt,Images/image_685.jpg
685,"۵۹۸,۰۰۰",۳.۴,تی شرت اورسایز مردانه نوزده نودیک مدل TS63 W,T Shirt,Images/image_686.jpg
686,"۲۶۸,۰۰۰",۳.۸,تی شرت آستین کوتاه مردانه مدل ساده رنگ مشکی,T Shirt,Images/image_687.jpg
687,"۱۹۹,۰۰۰",۳,تی شرت مردانه مدل T04036,T Shirt,Images/image_688.jpg
688,"۲۱۹,۰۰۰",۳.۵,تی شرت آستین کوتاه مردانه زی سا مدل 1002 رنگ کرم,T Shirt,Images/image_689.jpg
689,"۶۶۷,۰۰۰",۵,تی شرت آستین بلند مردانه آر اِن اِس مدل 7005,T Shirt,Images/image_690.jpg
690,"۴۵۹,۰۰۰",۴.۳,تی شرت آستین بلند مردانه باینت مدل 562-3 رنگ سبز,T Shirt,Images/image_691.jpg
691,"۱۷۹,۰۰۰",۳.۶,تیشرت مردانه طرح کوروش کبیر 15327,T Shirt,Images/image_692.jpg
692,"۶۹۰,۰۰۰",۴.۴,تیشرت آستین کوتاه مردانه رانژ مدل 21RA02D05M-1086-01,T Shirt,Images/image_693.jpg
693,"۳۲۳,۰۰۰",۳.۹,تی شرت آستین بلند مردانه باینت مدل 2261756007805,T Shirt,Images/image_694.jpg
694,"۱۹۰,۰۰۰",۳,تی شرت مردانه طرح هری پاتر کد 179,T Shirt,Images/image_695.jpg
695,"۴۵۹,۰۰۰",۴.۴,تی شرت آستین بلند مردانه باینت مدل 513-8,T Shirt,Images/image_696.jpg
696,"۳۲۸,۳۰۰",۴.۷,تی شرت آستین کوتاه مردانه مدل بازی gta جی تی ای b002,T Shirt,Images/image_697.jpg
697,"۶۴۸,۰۰۰",۴.۴,تی شرت اورسایز کلاه دار آستین کوتاه مردانه نوزده نودیک مدل TS1966 W,T Shirt,Images/image_698.jpg
698,"۱۷۹,۰۰۰",۳.۲,تی شرت مردانه نخی فلوریزا طرح ورزشی جودو کد 001 تیشرت,T Shirt,Images/image_699.jpg
699,"۲۴۵,۰۰۰",۳.۹,تی شرت آستین کوتاه مردانه مالدینی مدل T-189,T Shirt,Images/image_700.jpg
700,"۳۴۰,۰۰۰",۴.۷,تی شرت اورسایز مردانه مدل 116,T Shirt,Images/image_701.jpg
701,"۱۷۹,۰۰۰",۳.۱,تی شرت آستین کوتاه مردانه طرح نشنال جئوگرافیک کد BWY13345,T Shirt,Images/image_702.jpg
702,"۲۷۰,۰۰۰",۴.۲,تی شرت آستین بلند مردانه مدل B کد b262  رنگ مشکی  ,T Shirt,Images/image_703.jpg
703,"۸۹۸,۰۰۰",۵,تی شرت آستین کوتاه مردانه کروم مدل knit 2410602,T Shirt,Images/image_704.jpg
704,"۲۱۹,۰۰۰",۳.۸,تی شرت آستین کوتاه مردانه زی سا مدل 1002 رنگ سرمه ای,T Shirt,Images/image_705.jpg
705,"۵۹۸,۰۰۰",۴.۱,تی شرت اورسایز  آستین کوتاه مردانه نوزده نودیک مدل TS1963 DG,T Shirt,Images/image_706.jpg
706,"۲۰۰,۰۰۰",۳.۶,تیشرت مردانه طرح gta 15589,T Shirt,Images/image_707.jpg
707,"۶۹۸,۰۰۰",۵,تی شرت اورسایز مردانه نوزده نودیک مدل TS1983 NB,T Shirt,Images/image_708.jpg
708,"۱۱۰,۰۰۰",۳.۶,تیشرت آستین بلند مردانه مدل پر W27,T Shirt,Images/image_709.jpg
709,"۱۱۰,۰۰۰",۳.۴,تی شرت مردانه طرح MUSIC کد S352,T Shirt,Images/image_710.jpg
710,"۳۱۸,۵۰۰",۴.۷,تی شرت آستین کوتاه مردانه مدل لش دارک فرشته کد z274,T Shirt,Images/image_711.jpg
711,"۴۵۹,۰۰۰",۵,تی شرت آستین بلند مردانه باینت مدل 513-19 رنگ آبی,T Shirt,Images/image_712.jpg
712,"۳۳۸,۰۰۰",۴.۲,تی شرت آستین کوتاه مردانه مدل بسکتبال شیکاگو,T Shirt,Images/image_713.jpg
713,"۱۳۵,۰۰۰",۳.۶,تی شرت آستین کوتاه مردانه مدل A0203,T Shirt,Images/image_714.jpg
714,"۴۳۴,۰۰۰",۴.۷,تی شرت آستین بلند مردانه دیجی استایل اسنشیال مدل 176/46,T Shirt,Images/image_715.jpg
715,"۱۸۹,۰۰۰",۳.۱,تی شرت آستین بلند مردانه مدل بانابون کد 014 رنگ سفید,T Shirt,Images/image_716.jpg
716,"۱۶۵,۰۰۰",۳,تیشرت آستین بلند مردانه کد 3BWHH رنگ سفید,T Shirt,Images/image_717.jpg
717,"۱۱۰,۰۰۰",۳.۵,تیشرت آستین کوتاه مردانه کد F01,T Shirt,Images/image_718.jpg
718,"۵۹۰,۰۰۰",۴.۵,تی شرت آستین کوتاه مردانه رانژ مدل  ساده کد 23RA05 - 420 رنگ طوسی ملانژ,T Shirt,Images/image_719.jpg
719,"۳۷۴,۰۰۰",۴.۵,تی شرت آستین بلند مردانه باینت مدل 2261909 رنگ طوسی,T Shirt,Images/image_720.jpg
720,"۳۹۹,۰۰۰",۴.۱,تی شرت آستین کوتاه مردانه باینت مدل 373-18 ,T Shirt,Images/image_721.jpg
721,"۲۱۹,۰۰۰",۴.۳,تی شرت آستین کوتاه مردانه زی سا مدل 1002 رنگ طوسی,T Shirt,Images/image_722.jpg
722,"۱۷۹,۰۰۰",۳.۱,تیشرت مردانه روناس طرح متالیکا کد 307000601 رنگ سفید,T Shirt,Images/image_723.jpg
723,"۱۱۰,۰۰۰",۳.۷,تیشرت آستین بلند مردانه کد F128,T Shirt,Images/image_724.jpg
724,"۵۰,۰۰۰",۳.۹,تیشرت آستین کوتاه مردانه مدل SA12,T Shirt,Images/image_725.jpg
725,"۲۴۷,۶۰۰",۳,تی شرت آستین بلند مردانه لیلاژ مدل rhino tp,T Shirt,Images/image_726.jpg
726,"۱۷۹,۰۰۰",۳.۴,تیشرت آستین بلند مردانه طرح اسکلت کد LB123 رنگ مشکی,T Shirt,Images/image_727.jpg
727,"۳۳۸,۰۰۰",۳.۶,تی شرت آستین کوتاه مردانه مدل لش گروه slipknot,T Shirt,Images/image_728.jpg
728,"۳۱۸,۵۰۰",۳.۷,تی شرت آستین کوتاه مردانه مدل گنگ لش دارک,T Shirt,Images/image_729.jpg
729,"۴۶۵,۰۰۰",۳.۵,شلوار مردانه مدل کارگو کتان,Pants,Images/image_730.jpg
730,"۳۴۲,۰۰۰",۳.۸,شلوار مردانه دیان مدل پارچه ای رنگ مشکی,Pants,Images/image_731.jpg
731,"۷۵۰,۰۰۰",۳.۸,شلوار مردانه مدل شش جیب,Pants,Images/image_732.jpg
732,"۲۸۳,۳۶۰",۳.۸,شلوار مردانه مدل کارگو,Pants,Images/image_733.jpg
733,"۳۶۰,۰۰۰",۳.۷,شلوار پارچه ای مردانه ادریس کد 8,Pants,Images/image_734.jpg
734,"۵۴۷,۰۰۰",۴.۲,شلوار مردانه مدل راسته,Pants,Images/image_735.jpg
735,"۳۳۱,۵۵۰",۳.۴,شلوار مردانه مدل فاستونی پارچه ای کد 3010 رنگ مشکی,Pants,Images/image_736.jpg
736,"۳۰۰,۰۰۰",۳.۳,شلوار مردانه مدل کارگو 110,Pants,Images/image_737.jpg
737,"۵۸۶,۰۰۰",۵,شلوار مردانه مدل اسلش 6جیب کد N_K,Pants,Images/image_738.jpg
738,"۳۳۱,۵۵۰",۴,شلوار مردانه مدل پارچه ای 1000001,Pants,Images/image_739.jpg
739,"۲۹۴,۴۰۰",۴,شلوار اسلش مردانه صدرا مدل BOY LONDON کد R-40924  رنگ مشکی,Pants,Images/image_740.jpg
740,"۳۵۹,۰۰۰",۳.۷,شلوار مردانه مدل راسته,Pants,Images/image_741.jpg
741,"۲۶۴,۲۰۰",۳.۵,شلوار مردانه مدل اسلش کد 40637- RR-TOS,Pants,Images/image_742.jpg
742,"۶۷۲,۰۰۰",۲.۶,شلوار مردانه ایزی دو مدل 350 رنگ یشمی,Pants,Images/image_743.jpg
743,"۲۷۰,۰۰۰",۳.۸,شلوار مردانه مدل  اسلش شش جیب kha,Pants,Images/image_744.jpg
744,"۳۴۱,۰۵۰",۳.۸,شلوار مردانه دیان مدل پارچه ای رنگ سرمه ای,Pants,Images/image_745.jpg
745,"۶۶۸,۰۰۰",۳.۲,شلوار مردانه ایزی دو مدل 349 رنگ قهوه ای,Pants,Images/image_746.jpg
746,"۲۶۸,۰۰۰",۳.۸,شلوار مردانه مدل اسلش کد RR TOS-40636 ,Pants,Images/image_747.jpg
747,"۱,۴۲۴,۰۰۰",۴.۵,شلوار مردانه کروم مدل کتان 2322710,Pants,Images/image_748.jpg
748,"۳۳۱,۵۵۰",۳.۷,شلوار مردانه مدل پارچه ای,Pants,Images/image_749.jpg
749,"۳۰۰,۰۰۰",۳.۳,شلوار مردانه مدل کمری دمپا پاکتی رنگ مشکی,Pants,Images/image_750.jpg
750,"۷۲۰,۰۰۰",۳.۷,شلوار مردانه مدل 2,Pants,Images/image_751.jpg
751,"۳۳۱,۵۵۰",۳.۶,شلوار مردانه مدل پارچه ای 1000001,Pants,Images/image_752.jpg
752,"۲۷۰,۰۰۰",۴.۲,شلوار مردانه مدل شلوار مردانه اسلش شش جیب SAB,Pants,Images/image_753.jpg
753,"۱,۴۷۱,۰۰۰",۳,شلوار مردانه کروم مدل پارچه ای سگک دار 2322514,Pants,Images/image_754.jpg
754,"۱,۵۱۹,۰۰۰",۴,شلوار مردانه کروم مدل پارچه ای 2322513,Pants,Images/image_755.jpg
755,"۲۱۰,۰۰۰",۳.۴,شلوار مردانه مدل MA11114444222,Pants,Images/image_756.jpg
756,"۳۰۰,۰۰۰",۳.۶,شلوار مردانه مدل پاکتی رنگ ذغالی,Pants,Images/image_757.jpg
757,"۴۱۰,۰۰۰",۴.۱,شلوار مردانه مدل پارچه ای رنگ مشکی,Pants,Images/image_758.jpg
758,"۲۲۸,۰۰۰",۳.۷,شلوار مردانه مدل اسلش شیش جیب پلاس کد11,Pants,Images/image_759.jpg
759,"۱,۴۲۴,۰۰۰",۴.۵,شلوار مردانه کروم مدل کتان 2322710,Pants,Images/image_760.jpg
760,"۳۳۱,۵۵۰",۳.۵,شلوار مردانه دیان مدل  کلاسیک DO-TO,Pants,Images/image_761.jpg
761,"۱,۴۷۱,۰۰۰",۳,شلوار مردانه کروم مدل پارچه ای سگک دار 2322514,Pants,Images/image_762.jpg
762,"۳۴۱,۰۵۰",۳.۶,شلوار مردانه مدل فاستونی 123,Pants,Images/image_763.jpg
763,"۳۴۱,۰۵۰",۳.۶,شلوار مردانه کد 0026,Pants,Images/image_764.jpg
764,"۲۴۹,۰۰۰",۳.۸,شلوار راحتی مردانه طرح چهارخانه کد 227300612,Pants,Images/image_765.jpg
765,"۴۷۸,۰۰۰",۳.۲,شلوار مردانه مدل اسلش شش جیب,Pants,Images/image_766.jpg
766,"۲۵۵,۰۰۰",۳.۶,شلوار مردانه مدل اسلش کد RR-40794,Pants,Images/image_767.jpg
767,"۱,۴۲۴,۰۰۰",۲.۵,شلوار مردانه کروم مدل کتان 2322710,Pants,Images/image_768.jpg
768,"۱,۴۲۴,۰۰۰",۴.۳,شلوار مردانه کروم مدل کتان 2322710,Pants,Images/image_769.jpg
769,"۳۱۴,۰۰۰",۳.۶,شلوار مردانه مدل پارچه ای ce-As2,Pants,Images/image_770.jpg
770,"۹۶۸,۰۰۰",۵,شلوار مردانه مدل کتان راسته کد ۶۶۷۹۷,Pants,Images/image_771.jpg
771,"۱,۵۱۹,۰۰۰",۵,شلوار مردانه کروم مدل پارچه ای 2322513,Pants,Images/image_772.jpg
772,"۲۲۸,۰۰۰",۳.۷,شلوار مردانه مدل یونیک شیش جیب,Pants,Images/image_773.jpg
773,"۳۳۱,۵۵۰",۳.۹,شلوار مردانه دیان مدل کلاسیک F-SO,Pants,Images/image_774.jpg
774,"۱,۴۲۴,۰۰۰",۳.۷,شلوار مردانه کروم مدل کتان 2322710,Pants,Images/image_775.jpg
775,"۸۰۰,۰۰۰",۵,شلوار مردانه مدل کتان راسته کد ۶۶۷۹۵,Pants,Images/image_776.jpg
776,"۲۶۸,۰۰۰",۳.۸,شلوار مردانه کد RR-40191 رنگ مشکی,Pants,Images/image_777.jpg
777,"۳۰۰,۰۰۰",۴,شلوار مردانه دیان مدل پارچه ای کلاسیک کد M-TO,Pants,Images/image_778.jpg
778,"۳۴۱,۰۵۰",۳.۸,شلوار مردانه کد 124 رنگ مشکی,Pants,Images/image_779.jpg
779,"۱,۵۱۹,۰۰۰",۳.۵,شلوار مردانه کروم مدل کتان کد 2322709,Pants,Images/image_780.jpg
780,"۲۵۸,۳۰۰",۳.۶,شلوار مردانه مدل شش جیب کد 112 GAH,Pants,Images/image_781.jpg
781,"۳۴۱,۰۵۰",۳.۸,شلوار پارچه ای سرمه ای مردانه کد 2,Pants,Images/image_782.jpg
782,"۲۵۰,۰۰۰",۳.۹,شلوار مردانه آریا مدل اسلش 40794,Pants,Images/image_783.jpg
783,"۳۴۱,۰۵۰",۳.۴,شلوار مردانه مدل فاستونی M3015 رنگ سورمه ای,Pants,Images/image_784.jpg
784,"۵۴۹,۰۰۰",۳.۸,شلوار مردانه کد 03,Pants,Images/image_785.jpg
785,"۲۵۵,۰۰۰",۳.۷,شلوار مردانه مدل اسلش شش جیب کد 120,Pants,Images/image_786.jpg
786,"۹۷۸,۶۰۰",۴,شلوار مردانه مدل کتان کش راسته رنگ مشکی,Pants,Images/image_787.jpg
787,"۶۴۵,۰۰۰",۳.۶,شلوار مردانه ایزی دو مدل 353 رنگ کرم,Pants,Images/image_788.jpg
788,"۳۳۱,۵۵۰",۳.۹,شلوار مردانه دیان مدل کلاسیک F-NO,Pants,Images/image_789.jpg
789,"۲۲۸,۰۰۰",۳.۹,شلوار مردانه مدل اسلش جیب تور کد 5533322,Pants,Images/image_790.jpg
790,"۲۳۵,۰۰۰",۳.۷,شلوار مردانه مدل اسلش پنج جیب بنگال کد TA-2035,Pants,Images/image_791.jpg
791,"۴۰۲,۰۰۰",۴.۸,شلوار مردانه سون پون مدل M120 رنگ مشکی,Pants,Images/image_792.jpg
792,"۲۸۲,۰۰۰",۳.۳,شلوار مردانه دیان مدل کلاسیک کد CH_SO,Pants,Images/image_793.jpg
793,"۲۸۲,۷۶۰",۴,شلوار مردانه مدل کارگو کد gah,Pants,Images/image_794.jpg
794,"۳۷۹,۰۰۰",۳.۳,شلوار مردانه مدل کارگو,Pants,Images/image_795.jpg
795,"۳۴۱,۰۵۰",۳.۷,شلوار مردانه کد 01,Pants,Images/image_796.jpg
796,"۳۳۱,۵۵۰",۳.۹,شلوار مردانه دیان مدل  کلاسیک DO-NO,Pants,Images/image_797.jpg
797,"۸۲۶,۰۰۰",۴,شلوار مردانه ایزی دو مدل 9287,Pants,Images/image_798.jpg
798,"۱,۱۹۶,۰۰۰",۴.۳,شلوار مردانه مدل الد مانی کد 1102-099,Pants,Images/image_799.jpg
799,"۶۵۱,۰۰۰",۱,شلوار مردانه ایزی دو مدل 354 رنگ مشکی,Pants,Images/image_800.jpg
800,"۱۳۵,۰۰۰",۳.۳,شلوار راحتی مردانه کد 101,Pants,Images/image_801.jpg
801,"۳۳۱,۵۵۰",۳.۷,شلوار مردانه کد TRO-FAB-7A رنگ مشکی,Pants,Images/image_802.jpg
802,"۳۳۱,۵۵۰",۳.۴,شلوار مردانه مدل پارچه ای کد as12354,Pants,Images/image_803.jpg
803,"۲۵۰,۰۰۰",۴,شلوار مردانه مدل اسلش شش جیب 110 SB,Pants,Images/image_804.jpg
804,"۳۴۱,۰۵۰",۳.۹,شلوار مردانه کد 05,Pants,Images/image_805.jpg
805,"۶۸۶,۰۰۰",۵,شلوار مردانه آیبکس مدل 00820 رنگ استخوانی,Pants,Images/image_806.jpg
806,"۲۲۸,۰۰۰",۴.۲,شلوار اسلش مردانه مدل TO BO 555,Pants,Images/image_807.jpg
807,"۳۴۱,۰۵۰",۳.۵,شلوار مردانه کارون مدل فاستونی رنگ سرمه ای,Pants,Images/image_808.jpg
808,"۱,۶۶۱,۰۰۰",۱.۵,شلوار مردانه کروم مدل لینن کد 2412503,Pants,Images/image_809.jpg
809,"۳۴۱,۰۵۰",۳.۸,شلوار مردانه کد 631 رنگ طوسی,Pants,Images/image_810.jpg
810,"۳۴۱,۰۵۰",۳.۷,شلوار مردانه کد 03,Pants,Images/image_811.jpg
811,"۲۴۷,۰۰۰",۳.۶,شلوار اسلش مردانه مدل C RR1,Pants,Images/image_812.jpg
812,"۱,۶۶۱,۰۰۰",۱,شلوار مردانه کروم مدل 2412503,Pants,Images/image_813.jpg
813,"۱,۵۱۹,۰۰۰",۴,شلوار مردانه کروم مدل پارچه ای 2322513,Pants,Images/image_814.jpg
814,"۲۲۸,۰۰۰",۴.۱,شلوار مردانه مدل اسلش REW 85 کد 11122,Pants,Images/image_815.jpg
815,"۷۲۰,۰۰۰",۳.۷,شلوار مردانه مدل کتان کنفی لینن کد 02,Pants,Images/image_816.jpg
816,"۳۵۹,۰۰۰",۳.۹,شلوار مردانه کد 04,Pants,Images/image_817.jpg
817,"۲۴۶,۲۰۰",۳.۵,شلوار مردانه کد RR-40634,Pants,Images/image_818.jpg
818,"۲۷۵,۴۰۰",۳.۷,شلوار مردانه مدل اسلش چهار نقاب SIA,Pants,Images/image_819.jpg
819,"۳۳۱,۵۵۰",۳.۲,شلوار مردانه مدل فاستونی رنگ مشکی,Pants,Images/image_820.jpg
820,"۱,۵۱۹,۰۰۰",۲,شلوار مردانه کروم مدل کتان 2322709 five pocket,Pants,Images/image_821.jpg
821,"۹۰۳,۰۰۰",۳,شلوار مردانه پاتن جامه مدل 123221010161439 فیگارو,Pants,Images/image_822.jpg
822,"۸۹۹,۱۰۰",۵,شلوار مردانه قرآنی مدل کتان کلاسیک فیت,Pants,Images/image_823.jpg
823,"۷۵۶,۰۰۰",۵,شلوار مردانه ایزی دو مدل 0904,Pants,Images/image_824.jpg
824,"۲۷۷,۰۰۰",۳.۷,شلوار مردانه دیان مدل  کلاسیک DO-SO,Pants,Images/image_825.jpg
825,"۳۴۱,۰۵۰",۳.۵,شلوار مردانه مدل MT001,Pants,Images/image_826.jpg
826,"۷۵۰,۰۰۰",۵,شلوار مردانه مدل مام فیت کد 07788 رنگ مشکی,Pants,Images/image_827.jpg
827,"۳۳۱,۵۵۰",۳.۷,شلوار مردانه مدل پارچه ای 1000001-1,Pants,Images/image_828.jpg
828,"۲۷۰,۴۰۰",۳.۹,شلوار مردانه مدل اسلش چهار نقاب SAB,Pants,Images/image_829.jpg
829,"۳۳۰,۰۰۰",۱,شلوار مردانه مدل کارگو کد RA_01,Pants,Images/image_830.jpg
830,"۲۵۲,۰۰۰",۳.۹,شلوار مردانه دیان مدل کلاسیک کد CH_KH,Pants,Images/image_831.jpg
831,"۲۴۵,۰۰۰",۳.۳,شلوار مردانه مدل ساده,Pants,Images/image_832.jpg
832,"۱,۳۴۶,۷۰۰",۱.۵,شلوار مردانه کروم مدل کمربند دار 2412506,Pants,Images/image_833.jpg
833,"۲۳۵,۰۰۰",۴,شلوار مردانه مدل TA-2083,Pants,Images/image_834.jpg
834,"۱۶۵,۷۵۰",۳.۹,شلوار مردانه کد AR251,Pants,Images/image_835.jpg
835,"۱,۵۱۹,۰۰۰",۳,شلوار مردانه کروم مدل کتان five pocket 2322709,Pants,Images/image_836.jpg
836,"۲۴۵,۰۰۰",۳.۵,شلوار مردانه مدل rr-40777,Pants,Images/image_837.jpg
837,"۳۳۱,۵۵۰",۳.۵,شلوار مردانه مدل پارچه ای 1000001,Pants,Images/image_838.jpg
838,"۲۷۰,۰۰۰",۳.۶,شلوار مردانه مدل چهار نقاب اسلش 02 SAB,Pants,Images/image_839.jpg
839,"۱,۱۹۷,۰۰۰",۴.۸,شلوار مردانه مدل الد مانی کد 1102-059,Pants,Images/image_840.jpg
840,"۲۷۷,۰۰۰",۳.۷,شلوار مردانه کد T-F,Pants,Images/image_841.jpg
841,"۳۴۱,۰۵۰",۳.۷,شلوار مردانه مدل Classic  کد 026,Pants,Images/image_842.jpg
842,"۳۰۶,۲۴۰",۳.۶,شلوار مردانه مدل کارگو,Pants,Images/image_843.jpg
843,"۱,۲۷۸,۰۰۰",۴,شلوار مردانه مدل الد مانی کد 1102-094,Pants,Images/image_844.jpg
844,"۲۱۰,۰۰۰",۳.۶,شلوار مردانه مدل اسلش مدل شش جیب 110 TOS,Pants,Images/image_845.jpg
845,"۲۶۲,۰۰۰",۳.۸,شلوار مردانه مدل اسلش کد RR-40795,Pants,Images/image_846.jpg
846,"۱,۲۹۸,۰۰۰",۲.۳,شلوار مردانه مدل ایتالین استایل کد 1116-102,Pants,Images/image_847.jpg
847,"۲۹۵,۰۰۰",۳.۱,شلوار مردانه مدل کارگو CG1,Pants,Images/image_848.jpg
848,"۱,۵۱۹,۰۰۰",۳,شلوار مردانه کروم مدل کمربند دار 2322513,Pants,Images/image_849.jpg
849,"۳۳۱,۵۵۰",۳.۷,شلوار مردانه کامیلو مدل جودون رنگ خاکستری,Pants,Images/image_850.jpg
850,"۳۴۱,۰۵۰",۳.۷,شلوار مردانه کد FN920,Pants,Images/image_851.jpg
851,"۲۶۴,۶۰۰",۴,شلوار مردانه آریا مدل سه زیپ,Pants,Images/image_852.jpg
852,"۷۵۶,۰۰۰",۵,شلوار مردانه ایزی دو مدل 8200,Pants,Images/image_853.jpg
853,"۳۴۰,۰۰۰",۳.۵,شلوار مردانه کد 710 رنگ قهوه ای,Pants,Images/image_854.jpg
854,"۱,۱۹۶,۰۰۰",۴.۵,شلوار مردانه مدل الد مانی کد 1102-007,Pants,Images/image_855.jpg
855,"۲۶۸,۰۰۰",۴.۱,شلوار مردانه صدرا کد B-2026 رنگ طوسی,Pants,Images/image_856.jpg
856,"۱,۱۹۲,۰۰۰",۴,شلوار مردانه پاتن جامه مدل فاستونی 101321030168842 طوسی تیره,Pants,Images/image_857.jpg
857,"۳۴۱,۰۵۰",۳.۶,شلوار مردانه کد TRO-FAB-3B ,Pants,Images/image_858.jpg
858,"۵۸۰,۸۰۰",۳.۵,شلوار مردانه مدل بگ پنبه 2نوار BG-BA2,Pants,Images/image_859.jpg
859,"۱,۷۶۰,۰۰۰",۴,شلوار مردانه کاررا مدل مخمل,Pants,Images/image_860.jpg
860,"۸۹۹,۱۰۰",۳.۵,شلوار مردانه قرآنی مدل کتان کلاسیک فیت AN-CM,Pants,Images/image_861.jpg
861,"۲۸۰,۰۰۰",۵,شلوار مردانه مدل کارگو کد 014,Pants,Images/image_862.jpg
862,"۳۳۱,۵۵۰",۳.۴,شلوار مردانه کامیلو مدل جودون رنگ طوسی,Pants,Images/image_863.jpg
863,"۲۲۸,۰۰۰",۳.۳,شلوار مردانه مدل اسلش 6جیب پلاس کد 65325,Pants,Images/image_864.jpg
864,"۹۵۶,۰۰۰",۴,شلوار مردانه زی سا مدل 1003 رنگ طوسی,Pants,Images/image_865.jpg
865,"۳۳۱,۵۵۰",۴.۱,شلوار مردانه کد TRO-FAB-11-TO رنگ طوسی,Pants,Images/image_866.jpg
866,"۵۳۹,۰۰۰",۴,شلوار مردانه پاتن جامه مدل 101221000300430 ,Pants,Images/image_867.jpg
867,"۶۹۵,۰۰۰",۲,شلوار مردانه ایزی دو مدل 02,Pants,Images/image_868.jpg
868,"۳۳۱,۵۵۰",۳.۹,شلوار مردانه کد TRO-FAB-7G رنگ طوسی,Pants,Images/image_869.jpg
869,"۸۶۸,۰۰۰",۴,شلوار مردانه پاتن جامه مدل فیگارو 123221010161542,Pants,Images/image_870.jpg
870,"۲۵۸,۰۰۰",۳.۳,شلوار مردانه مدل rr-41777,Pants,Images/image_871.jpg
871,"۲۵۲,۰۰۰",۳.۹,شلوار مردانه دیان مدل کلاسیک کد CH_SHO,Pants,Images/image_872.jpg
872,"۲۲۸,۰۰۰",۳.۸,شلوار مردانه مدل اسلش جیب تور,Pants,Images/image_873.jpg
873,"۲۴۰,۰۰۰",۳.۴,شلوار مردانه مدل اسلش هفت جیب 6633,Pants,Images/image_874.jpg
874,"۲۵۸,۷۰۰",۳.۴,شلوار مردانه مدل RR-40722,Pants,Images/image_875.jpg
875,"۳۲۴,۰۰۰",۲.۶,شلوار مردانه مدل کارگو,Pants,Images/image_876.jpg
876,"۲۴۰,۰۰۰",۳.۷,شلوار مردانه آریا مدل اسلش سه زیپ 40776,Pants,Images/image_877.jpg
877,"۱,۱۲۰,۰۰۰",۴,شلوار مردانه مدل کتان کد sso2027,Pants,Images/image_878.jpg
878,"۳۰۰,۰۰۰",۳.۶,شلوار مردانه مدل KRG01,Pants,Images/image_879.jpg
879,"۳۳۷,۲۵۰",۳.۶,شلوار مردانه مدل براندینو کد 12514 رنگ سرمه ای,Pants,Images/image_880.jpg
880,"۱,۲۶۰,۰۰۰",۳.۸,شلوار مردانه مدل کتان LL30,Pants,Images/image_881.jpg
881,"۱,۱۰۰,۰۰۰",۱,شلوار مردانه مدل کتان شش جیب,Pants,Images/image_882.jpg
882,"۱,۲۹۹,۰۰۰",۳,شلوار مردانه مدل ایتالین استایل کد 1116-099,Pants,Images/image_883.jpg
883,"۲۲۸,۰۰۰",۴,شلوار مردانه مدل اسلش ران کد 4126,Pants,Images/image_884.jpg
884,"۳۴۱,۰۵۰",۳.۷,شلوار مردانه کد 633 رنگ خاکستری,Pants,Images/image_885.jpg
885,"۱,۶۶۱,۰۰۰",۱,شلوار مردانه کروم مدل لینن کد 2412503,Pants,Images/image_886.jpg
886,"۲۲۸,۰۰۰",۳.۳,شلوار مردانه مدل اسلش 11223,Pants,Images/image_887.jpg
887,"۱,۳۳۰,۵۵۰",۴.۷,شلوار مردانه مدل کتان راسته کد ۶۶۷۹۳,Pants,Images/image_888.jpg
888,"۵۳۹,۰۰۰",۲.۷,شلوار اسلش مردانه کد 05,Pants,Images/image_889.jpg
889,"۷۵۶,۰۰۰",۴,شلوار مردانه ایزی دو مدل 4410,Pants,Images/image_890.jpg
890,"۳۴۱,۰۵۰",۳.۹,شلوار مردانه ادریس کد 23,Pants,Images/image_891.jpg
891,"۵۴۹,۰۰۰",۴,شلوار اسلش مردانه کد 04,Pants,Images/image_892.jpg
892,"۲۵۸,۲۰۰",۳.۴,شلوار مردانه کد RR-40793,Pants,Images/image_893.jpg
893,"۲۲۵,۰۰۰",۳.۴,شلوار مردانه مدل اسلش دمپا ساده,Pants,Images/image_894.jpg
894,"۱,۳۶۰,۰۰۰",۲.۵,شلوار مردانه مدل مخمل x600,Pants,Images/image_895.jpg
895,"۲۳۰,۰۰۰",۲.۷,شلوار مردانه مدل اسلش پنج جیب بنگال کد ARI 40188,Pants,Images/image_896.jpg
896,"۳۲۰,۰۰۰",۳.۸,شلوار مردانه کد 620 رنگ قهوه ای,Pants,Images/image_897.jpg
897,"۲۴۷,۰۰۰",۴,شلوار مردانه دیان مدل کلاسیک کد RIZ-SHO,Pants,Images/image_898.jpg
898,"۲۷۱,۴۰۰",۳.۷,شلوار مردانه مدل چهارنقاب KEEM,Pants,Images/image_899.jpg
